2026-08-16 21:28:49,624 INFO o.a.j.u.JMeterUtils: Setting Locale to en_EN
2026-08-16 21:28:49,639 INFO o.a.j.JMeter: Loading user properties from: D:\Kiem_thu\tools\apache-jmeter-5.6.3\bin\user.properties
2026-08-16 21:28:49,639 INFO o.a.j.JMeter: Loading system properties from: D:\Kiem_thu\tools\apache-jmeter-5.6.3\bin\system.properties
2026-08-16 21:28:49,639 INFO o.a.j.JMeter: Copyright (c) 1998-2024 The Apache Software Foundation
2026-08-16 21:28:49,639 INFO o.a.j.JMeter: Version 5.6.3
2026-08-16 21:28:49,639 INFO o.a.j.JMeter: java.version=17.0.17
2026-08-16 21:28:49,639 INFO o.a.j.JMeter: java.vm.name=OpenJDK 64-Bit Server VM
2026-08-16 21:28:49,639 INFO o.a.j.JMeter: os.name=Windows 11
2026-08-16 21:28:49,639 INFO o.a.j.JMeter: os.arch=amd64
2026-08-16 21:28:49,639 INFO o.a.j.JMeter: os.version=10.0
2026-08-16 21:28:49,639 INFO o.a.j.JMeter: file.encoding=Cp1252
2026-08-16 21:28:49,639 INFO o.a.j.JMeter: java.awt.headless=true
2026-08-16 21:28:49,639 INFO o.a.j.JMeter: Max memory     =3221225472
2026-08-16 21:28:49,639 INFO o.a.j.JMeter: Available Processors =20
2026-08-16 21:28:49,656 INFO o.a.j.JMeter: Default Locale=English (EN)
2026-08-16 21:28:49,656 INFO o.a.j.JMeter: JMeter  Locale=English (EN)
2026-08-16 21:28:49,656 INFO o.a.j.JMeter: JMeterHome=D:\Kiem_thu\tools\apache-jmeter-5.6.3
2026-08-16 21:28:49,656 INFO o.a.j.JMeter: user.dir  =D:\Kiem_thu\HW5
2026-08-16 21:28:49,656 INFO o.a.j.JMeter: PWD       =D:\Kiem_thu\HW5
2026-08-16 21:28:49,657 INFO o.a.j.JMeter: IP: 192.168.1.8 Name: DESKTOP-96ARBFL FullName: 192.168.1.8
2026-08-16 21:28:49,667 INFO o.a.j.JMeter: Setting property 'jmeter.reportgenerator.outputdir' to:'D:\Kiem_thu\HW5\results\html\23127195_Spike_20260816'
2026-08-16 21:28:49,669 INFO o.a.j.s.FileServer: Default base='D:\Kiem_thu\HW5'
2026-08-16 21:28:49,670 INFO o.a.j.s.FileServer: Set new base='D:\Kiem_thu\HW5\testplans'
2026-08-16 21:28:49,805 INFO o.a.j.s.SaveService: Testplan (JMX) version: 2.2. Testlog (JTL) version: 2.2
2026-08-16 21:28:49,821 INFO o.a.j.s.SaveService: Using SaveService properties version 5.0
2026-08-16 21:28:49,823 INFO o.a.j.s.SaveService: Using SaveService properties file encoding UTF-8
2026-08-16 21:28:49,825 INFO o.a.j.s.SaveService: Loading file: D:\Kiem_thu\HW5\testplans\23127195_Spike_20260816.jmx
2026-08-16 21:28:49,870 INFO o.a.j.p.h.s.HTTPSamplerBase: Parser for text/html is org.apache.jmeter.protocol.http.parser.LagartoBasedHtmlParser
2026-08-16 21:28:49,870 INFO o.a.j.p.h.s.HTTPSamplerBase: Parser for application/xhtml+xml is org.apache.jmeter.protocol.http.parser.LagartoBasedHtmlParser
2026-08-16 21:28:49,870 INFO o.a.j.p.h.s.HTTPSamplerBase: Parser for application/xml is org.apache.jmeter.protocol.http.parser.LagartoBasedHtmlParser
2026-08-16 21:28:49,870 INFO o.a.j.p.h.s.HTTPSamplerBase: Parser for text/xml is org.apache.jmeter.protocol.http.parser.LagartoBasedHtmlParser
2026-08-16 21:28:49,870 INFO o.a.j.p.h.s.HTTPSamplerBase: Parser for text/vnd.wap.wml is org.apache.jmeter.protocol.http.parser.RegexpHTMLParser
2026-08-16 21:28:49,870 INFO o.a.j.p.h.s.HTTPSamplerBase: Parser for text/css is org.apache.jmeter.protocol.http.parser.CssParser
2026-08-16 21:28:49,916 INFO o.a.j.JMeter: Creating summariser <summary>
2026-08-16 21:28:49,919 INFO o.a.j.r.d.ReportGenerator: ReportGenerator will use for Parsing the separator: ','
2026-08-16 21:28:49,919 INFO o.a.j.r.d.ReportGenerator: Will generate report at end of test from  results file: D:\Kiem_thu\HW5\results\jtl\23127195_Spike_20260816.jtl
2026-08-16 21:28:49,919 INFO o.a.j.r.d.ReportGenerator: Reading report generator properties from: D:\Kiem_thu\tools\apache-jmeter-5.6.3\bin\reportgenerator.properties
2026-08-16 21:28:49,920 INFO o.a.j.r.d.ReportGenerator: Merging with JMeter properties
2026-08-16 21:28:49,922 INFO o.a.j.r.c.ReportGeneratorConfiguration: Property 'jmeter.reportgenerator.temp_dir' not found, using default value 'temp' instead.
2026-08-16 21:28:49,924 INFO o.a.j.r.c.ReportGeneratorConfiguration: Property 'jmeter.reportgenerator.apdex_per_transaction' not found, using default value 'null' instead.
2026-08-16 21:28:49,924 INFO o.a.j.r.c.ReportGeneratorConfiguration: apdex_per_transaction is empty, not APDEX per transaction customization
2026-08-16 21:28:49,924 INFO o.a.j.r.c.ReportGeneratorConfiguration: Property 'jmeter.reportgenerator.sample_filter' not found, using default value 'null' instead.
2026-08-16 21:28:49,924 INFO o.a.j.r.c.ReportGeneratorConfiguration: Property 'jmeter.reportgenerator.report_title' not found, using default value 'null' instead.
2026-08-16 21:28:49,924 INFO o.a.j.r.c.ReportGeneratorConfiguration: Property 'jmeter.reportgenerator.start_date' not found, using default value 'null' instead.
2026-08-16 21:28:49,924 INFO o.a.j.r.c.ReportGeneratorConfiguration: Property 'jmeter.reportgenerator.end_date' not found, using default value 'null' instead.
2026-08-16 21:28:49,924 INFO o.a.j.r.c.ReportGeneratorConfiguration: Property 'jmeter.reportgenerator.date_format' not found, using default value 'null' instead.
2026-08-16 21:28:49,924 INFO o.a.j.r.c.ReportGeneratorConfiguration: Will use date range start date: null, end date: null
2026-08-16 21:28:49,927 INFO o.a.j.r.c.ReportGeneratorConfiguration: Property 'jmeter.reportgenerator.graph.totalTPS.exclude_controllers' not found, using default value 'false' instead.
2026-08-16 21:28:49,927 INFO o.a.j.r.c.ReportGeneratorConfiguration: Property 'jmeter.reportgenerator.graph.activeThreadsOverTime.exclude_controllers' not found, using default value 'false' instead.
2026-08-16 21:28:49,927 INFO o.a.j.r.c.ReportGeneratorConfiguration: Property 'jmeter.reportgenerator.graph.timeVsThreads.exclude_controllers' not found, using default value 'false' instead.
2026-08-16 21:28:49,927 INFO o.a.j.r.c.ReportGeneratorConfiguration: Property 'jmeter.reportgenerator.graph.responseTimeDistribution.exclude_controllers' not found, using default value 'false' instead.
2026-08-16 21:28:49,927 INFO o.a.j.r.c.ReportGeneratorConfiguration: Property 'jmeter.reportgenerator.graph.transactionsPerSecond.exclude_controllers' not found, using default value 'false' instead.
2026-08-16 21:28:49,927 INFO o.a.j.r.c.ReportGeneratorConfiguration: Property 'jmeter.reportgenerator.graph.responseTimePercentiles.exclude_controllers' not found, using default value 'false' instead.
2026-08-16 21:28:49,927 INFO o.a.j.r.c.ReportGeneratorConfiguration: Property 'jmeter.reportgenerator.graph.responseTimePercentilesOverTime.exclude_controllers' not found, using default value 'false' instead.
2026-08-16 21:28:49,928 INFO o.a.j.r.c.ReportGeneratorConfiguration: Property 'jmeter.reportgenerator.graph.responseTimesOverTime.exclude_controllers' not found, using default value 'false' instead.
2026-08-16 21:28:49,928 INFO o.a.j.r.c.ReportGeneratorConfiguration: Property 'jmeter.reportgenerator.graph.connectTimeOverTime.exclude_controllers' not found, using default value 'false' instead.
2026-08-16 21:28:49,928 INFO o.a.j.r.c.ReportGeneratorConfiguration: Property 'jmeter.reportgenerator.graph.latenciesOverTime.exclude_controllers' not found, using default value 'false' instead.
2026-08-16 21:28:49,928 INFO o.a.j.r.c.ReportGeneratorConfiguration: Property 'jmeter.reportgenerator.exporter.json.filters_only_sample_series' not found, using default value 'true' instead.
2026-08-16 21:28:49,928 INFO o.a.j.r.c.ReportGeneratorConfiguration: Property 'jmeter.reportgenerator.exporter.json.series_filter' not found, using default value '' instead.
2026-08-16 21:28:49,928 INFO o.a.j.r.c.ReportGeneratorConfiguration: Property 'jmeter.reportgenerator.exporter.json.show_controllers_only' not found, using default value 'false' instead.
2026-08-16 21:28:49,928 INFO o.a.j.r.c.ReportGeneratorConfiguration: Property 'jmeter.reportgenerator.exporter.html.filters_only_sample_series' not found, using default value 'true' instead.
2026-08-16 21:28:49,928 INFO o.a.j.r.c.ReportGeneratorConfiguration: Property 'jmeter.reportgenerator.exporter.html.series_filter' not found, using default value '' instead.
2026-08-16 21:28:49,929 INFO o.a.j.r.c.ReportGeneratorConfiguration: Property 'jmeter.reportgenerator.exporter.html.show_controllers_only' not found, using default value 'false' instead.
2026-08-16 21:28:49,936 INFO o.a.j.e.StandardJMeterEngine: Running the test!
2026-08-16 21:28:49,936 INFO o.a.j.s.SampleEvent: List of sample_variables: []
2026-08-16 21:28:49,936 INFO o.a.j.s.SampleEvent: List of sample_variables: []
2026-08-16 21:28:49,939 INFO o.a.j.e.u.CompoundVariable: Note: Function class names must contain the string: '.functions.'
2026-08-16 21:28:49,939 INFO o.a.j.e.u.CompoundVariable: Note: Function class names must not contain the string: '.gui.'
2026-08-16 21:28:50,106 INFO o.a.j.JMeter: Running test (1786890530106)
2026-08-16 21:28:50,116 INFO o.a.j.e.StandardJMeterEngine: Starting ThreadGroup: 1 : TG - SPIKE A - tai nen 40 VU
2026-08-16 21:28:50,116 INFO o.a.j.e.StandardJMeterEngine: Starting 40 threads for group TG - SPIKE A - tai nen 40 VU.
2026-08-16 21:28:50,116 INFO o.a.j.e.StandardJMeterEngine: Thread will continue on error
2026-08-16 21:28:50,116 INFO o.a.j.t.ThreadGroup: Starting thread group... number=1 threads=40 ramp-up=20 delayedStart=false
2026-08-16 21:28:50,122 INFO o.a.j.s.SampleResult: Note: Sample TimeStamps are START times
2026-08-16 21:28:50,122 INFO o.a.j.s.SampleResult: sampleresult.default.encoding is set to UTF-8
2026-08-16 21:28:50,123 INFO o.a.j.s.SampleResult: sampleresult.useNanoTime=true
2026-08-16 21:28:50,123 INFO o.a.j.s.SampleResult: sampleresult.nanoThreadSleep=5000
2026-08-16 21:28:50,135 INFO o.a.j.t.JMeterThread: Thread started: TG - SPIKE A - tai nen 40 VU 1-1
2026-08-16 21:28:50,138 INFO o.a.j.s.FileServer: Stored: D:/Kiem_thu/HW5/data/checkout_data.csv
2026-08-16 21:28:50,146 INFO o.a.j.t.ThreadGroup: Started thread group number 1
2026-08-16 21:28:50,146 INFO o.a.j.e.StandardJMeterEngine: Starting ThreadGroup: 2 : TG - SPIKE B - cu soc 300 VU
2026-08-16 21:28:50,146 INFO o.a.j.e.StandardJMeterEngine: Starting 300 threads for group TG - SPIKE B - cu soc 300 VU.
2026-08-16 21:28:50,146 INFO o.a.j.e.StandardJMeterEngine: Thread will continue on error
2026-08-16 21:28:50,146 INFO o.a.j.t.ThreadGroup: Starting thread group... number=2 threads=300 ramp-up=5 delayedStart=false
2026-08-16 21:28:50,196 INFO o.a.j.s.FileServer: Stored: D:/Kiem_thu/HW5/data/search_terms.csv
2026-08-16 21:28:50,197 INFO o.a.j.s.FileServer: Stored: D:/Kiem_thu/HW5/data/users.csv
2026-08-16 21:28:50,224 INFO o.a.j.p.h.s.HTTPHCAbstractImpl: Local host = DESKTOP-96ARBFL
2026-08-16 21:28:50,244 INFO o.a.j.p.h.s.HTTPHC4Impl: HTTP request retry count = 0
2026-08-16 21:28:50,270 INFO o.a.j.t.ThreadGroup: Started thread group number 2
2026-08-16 21:28:50,270 INFO o.a.j.e.StandardJMeterEngine: All thread groups have been started
2026-08-16 21:28:50,632 INFO o.a.j.t.JMeterThread: Thread started: TG - SPIKE A - tai nen 40 VU 1-2
2026-08-16 21:28:51,131 INFO o.a.j.t.JMeterThread: Thread started: TG - SPIKE A - tai nen 40 VU 1-3
2026-08-16 21:28:51,628 INFO o.a.j.t.JMeterThread: Thread started: TG - SPIKE A - tai nen 40 VU 1-4
2026-08-16 21:28:52,127 INFO o.a.j.t.JMeterThread: Thread started: TG - SPIKE A - tai nen 40 VU 1-5
2026-08-16 21:28:52,627 INFO o.a.j.t.JMeterThread: Thread started: TG - SPIKE A - tai nen 40 VU 1-6
2026-08-16 21:28:53,124 INFO o.a.j.t.JMeterThread: Thread started: TG - SPIKE A - tai nen 40 VU 1-7
2026-08-16 21:28:53,626 INFO o.a.j.t.JMeterThread: Thread started: TG - SPIKE A - tai nen 40 VU 1-8
2026-08-16 21:28:54,125 INFO o.a.j.t.JMeterThread: Thread started: TG - SPIKE A - tai nen 40 VU 1-9
2026-08-16 21:28:54,624 INFO o.a.j.t.JMeterThread: Thread started: TG - SPIKE A - tai nen 40 VU 1-10
2026-08-16 21:28:55,124 INFO o.a.j.t.JMeterThread: Thread started: TG - SPIKE A - tai nen 40 VU 1-11
2026-08-16 21:28:55,625 INFO o.a.j.t.JMeterThread: Thread started: TG - SPIKE A - tai nen 40 VU 1-12
2026-08-16 21:28:56,120 INFO o.a.j.t.JMeterThread: Thread started: TG - SPIKE A - tai nen 40 VU 1-13
2026-08-16 21:28:56,622 INFO o.a.j.t.JMeterThread: Thread started: TG - SPIKE A - tai nen 40 VU 1-14
2026-08-16 21:28:57,118 INFO o.a.j.t.JMeterThread: Thread started: TG - SPIKE A - tai nen 40 VU 1-15
2026-08-16 21:28:57,619 INFO o.a.j.t.JMeterThread: Thread started: TG - SPIKE A - tai nen 40 VU 1-16
2026-08-16 21:28:58,119 INFO o.a.j.t.JMeterThread: Thread started: TG - SPIKE A - tai nen 40 VU 1-17
2026-08-16 21:28:58,618 INFO o.a.j.t.JMeterThread: Thread started: TG - SPIKE A - tai nen 40 VU 1-18
2026-08-16 21:28:59,119 INFO o.a.j.t.JMeterThread: Thread started: TG - SPIKE A - tai nen 40 VU 1-19
2026-08-16 21:28:59,618 INFO o.a.j.t.JMeterThread: Thread started: TG - SPIKE A - tai nen 40 VU 1-20
2026-08-16 21:29:00,118 INFO o.a.j.t.JMeterThread: Thread started: TG - SPIKE A - tai nen 40 VU 1-21
2026-08-16 21:29:00,128 INFO o.a.j.r.Summariser: summary +     89 in 00:00:10 =    8.9/s Avg:     4 Min:     1 Max:    75 Err:     0 (0.00%) Active: 21 Started: 21 Finished: 0
2026-08-16 21:29:00,618 INFO o.a.j.t.JMeterThread: Thread started: TG - SPIKE A - tai nen 40 VU 1-22
2026-08-16 21:29:01,118 INFO o.a.j.t.JMeterThread: Thread started: TG - SPIKE A - tai nen 40 VU 1-23
2026-08-16 21:29:01,618 INFO o.a.j.t.JMeterThread: Thread started: TG - SPIKE A - tai nen 40 VU 1-24
2026-08-16 21:29:02,119 INFO o.a.j.t.JMeterThread: Thread started: TG - SPIKE A - tai nen 40 VU 1-25
2026-08-16 21:29:02,618 INFO o.a.j.t.JMeterThread: Thread started: TG - SPIKE A - tai nen 40 VU 1-26
2026-08-16 21:29:03,117 INFO o.a.j.t.JMeterThread: Thread started: TG - SPIKE A - tai nen 40 VU 1-27
2026-08-16 21:29:03,618 INFO o.a.j.t.JMeterThread: Thread started: TG - SPIKE A - tai nen 40 VU 1-28
2026-08-16 21:29:04,117 INFO o.a.j.t.JMeterThread: Thread started: TG - SPIKE A - tai nen 40 VU 1-29
2026-08-16 21:29:04,619 INFO o.a.j.t.JMeterThread: Thread started: TG - SPIKE A - tai nen 40 VU 1-30
2026-08-16 21:29:05,117 INFO o.a.j.t.JMeterThread: Thread started: TG - SPIKE A - tai nen 40 VU 1-31
2026-08-16 21:29:05,634 INFO o.a.j.t.JMeterThread: Thread started: TG - SPIKE A - tai nen 40 VU 1-32
2026-08-16 21:29:06,117 INFO o.a.j.t.JMeterThread: Thread started: TG - SPIKE A - tai nen 40 VU 1-33
2026-08-16 21:29:06,619 INFO o.a.j.t.JMeterThread: Thread started: TG - SPIKE A - tai nen 40 VU 1-34
2026-08-16 21:29:07,118 INFO o.a.j.t.JMeterThread: Thread started: TG - SPIKE A - tai nen 40 VU 1-35
2026-08-16 21:29:07,617 INFO o.a.j.t.JMeterThread: Thread started: TG - SPIKE A - tai nen 40 VU 1-36
2026-08-16 21:29:08,119 INFO o.a.j.t.JMeterThread: Thread started: TG - SPIKE A - tai nen 40 VU 1-37
2026-08-16 21:29:08,619 INFO o.a.j.t.JMeterThread: Thread started: TG - SPIKE A - tai nen 40 VU 1-38
2026-08-16 21:29:09,117 INFO o.a.j.t.JMeterThread: Thread started: TG - SPIKE A - tai nen 40 VU 1-39
2026-08-16 21:29:09,618 INFO o.a.j.t.JMeterThread: Thread started: TG - SPIKE A - tai nen 40 VU 1-40
2026-08-16 21:29:30,026 INFO o.a.j.r.Summariser: summary +   1219 in 00:00:30 =   40.8/s Avg:     3 Min:     0 Max:    32 Err:     0 (0.00%) Active: 40 Started: 40 Finished: 0
2026-08-16 21:29:30,026 INFO o.a.j.r.Summariser: summary =   1308 in 00:00:40 =   32.8/s Avg:     3 Min:     0 Max:    75 Err:     0 (0.00%)
2026-08-16 21:30:00,012 INFO o.a.j.r.Summariser: summary +   1387 in 00:00:30 =   46.3/s Avg:     3 Min:     0 Max:    36 Err:     0 (0.00%) Active: 40 Started: 40 Finished: 0
2026-08-16 21:30:00,012 INFO o.a.j.r.Summariser: summary =   2695 in 00:01:10 =   38.6/s Avg:     3 Min:     0 Max:    75 Err:     0 (0.00%)
2026-08-16 21:30:20,146 INFO o.a.j.t.JMeterThread: Thread started: TG - SPIKE B - cu soc 300 VU 2-1
2026-08-16 21:30:20,164 INFO o.a.j.t.JMeterThread: Thread started: TG - SPIKE B - cu soc 300 VU 2-2
2026-08-16 21:30:20,181 INFO o.a.j.t.JMeterThread: Thread started: TG - SPIKE B - cu soc 300 VU 2-3
2026-08-16 21:30:20,198 INFO o.a.j.t.JMeterThread: Thread started: TG - SPIKE B - cu soc 300 VU 2-4
2026-08-16 21:30:20,215 INFO o.a.j.t.JMeterThread: Thread started: TG - SPIKE B - cu soc 300 VU 2-5
2026-08-16 21:30:20,232 INFO o.a.j.t.JMeterThread: Thread started: TG - SPIKE B - cu soc 300 VU 2-6
2026-08-16 21:30:20,249 INFO o.a.j.t.JMeterThread: Thread started: TG - SPIKE B - cu soc 300 VU 2-7
2026-08-16 21:30:20,266 INFO o.a.j.t.JMeterThread: Thread started: TG - SPIKE B - cu soc 300 VU 2-8
2026-08-16 21:30:20,283 INFO o.a.j.t.JMeterThread: Thread started: TG - SPIKE B - cu soc 300 VU 2-9
2026-08-16 21:30:20,300 INFO o.a.j.t.JMeterThread: Thread started: TG - SPIKE B - cu soc 300 VU 2-10
2026-08-16 21:30:20,317 INFO o.a.j.t.JMeterThread: Thread started: TG - SPIKE B - cu soc 300 VU 2-11
2026-08-16 21:30:20,334 INFO o.a.j.t.JMeterThread: Thread started: TG - SPIKE B - cu soc 300 VU 2-12
2026-08-16 21:30:20,351 INFO o.a.j.t.JMeterThread: Thread started: TG - SPIKE B - cu soc 300 VU 2-13
2026-08-16 21:30:20,368 INFO o.a.j.t.JMeterThread: Thread started: TG - SPIKE B - cu soc 300 VU 2-14
2026-08-16 21:30:20,385 INFO o.a.j.t.JMeterThread: Thread started: TG - SPIKE B - cu soc 300 VU 2-15
2026-08-16 21:30:20,402 INFO o.a.j.t.JMeterThread: Thread started: TG - SPIKE B - cu soc 300 VU 2-16
2026-08-16 21:30:20,419 INFO o.a.j.t.JMeterThread: Thread started: TG - SPIKE B - cu soc 300 VU 2-17
2026-08-16 21:30:20,436 INFO o.a.j.t.JMeterThread: Thread started: TG - SPIKE B - cu soc 300 VU 2-18
2026-08-16 21:30:20,455 INFO o.a.j.t.JMeterThread: Thread started: TG - SPIKE B - cu soc 300 VU 2-19
2026-08-16 21:30:20,472 INFO o.a.j.t.JMeterThread: Thread started: TG - SPIKE B - cu soc 300 VU 2-20
2026-08-16 21:30:20,486 INFO o.a.j.t.JMeterThread: Thread started: TG - SPIKE B - cu soc 300 VU 2-21
2026-08-16 21:30:20,504 INFO o.a.j.t.JMeterThread: Thread started: TG - SPIKE B - cu soc 300 VU 2-22
2026-08-16 21:30:20,523 INFO o.a.j.t.JMeterThread: Thread started: TG - SPIKE B - cu soc 300 VU 2-23
2026-08-16 21:30:20,538 INFO o.a.j.t.JMeterThread: Thread started: TG - SPIKE B - cu soc 300 VU 2-24
2026-08-16 21:30:20,555 INFO o.a.j.t.JMeterThread: Thread started: TG - SPIKE B - cu soc 300 VU 2-25
2026-08-16 21:30:20,572 INFO o.a.j.t.JMeterThread: Thread started: TG - SPIKE B - cu soc 300 VU 2-26
2026-08-16 21:30:20,589 INFO o.a.j.t.JMeterThread: Thread started: TG - SPIKE B - cu soc 300 VU 2-27
2026-08-16 21:30:20,606 INFO o.a.j.t.JMeterThread: Thread started: TG - SPIKE B - cu soc 300 VU 2-28
2026-08-16 21:30:20,626 INFO o.a.j.t.JMeterThread: Thread started: TG - SPIKE B - cu soc 300 VU 2-29
2026-08-16 21:30:20,639 INFO o.a.j.t.JMeterThread: Thread started: TG - SPIKE B - cu soc 300 VU 2-30
2026-08-16 21:30:20,657 INFO o.a.j.t.JMeterThread: Thread started: TG - SPIKE B - cu soc 300 VU 2-31
2026-08-16 21:30:20,675 INFO o.a.j.t.JMeterThread: Thread started: TG - SPIKE B - cu soc 300 VU 2-32
2026-08-16 21:30:20,692 INFO o.a.j.t.JMeterThread: Thread started: TG - SPIKE B - cu soc 300 VU 2-33
2026-08-16 21:30:20,708 INFO o.a.j.t.JMeterThread: Thread started: TG - SPIKE B - cu soc 300 VU 2-34
2026-08-16 21:30:20,724 INFO o.a.j.t.JMeterThread: Thread started: TG - SPIKE B - cu soc 300 VU 2-35
2026-08-16 21:30:20,741 INFO o.a.j.t.JMeterThread: Thread started: TG - SPIKE B - cu soc 300 VU 2-36
2026-08-16 21:30:20,760 INFO o.a.j.t.JMeterThread: Thread started: TG - SPIKE B - cu soc 300 VU 2-37
2026-08-16 21:30:20,775 INFO o.a.j.t.JMeterThread: Thread started: TG - SPIKE B - cu soc 300 VU 2-38
2026-08-16 21:30:20,793 INFO o.a.j.t.JMeterThread: Thread started: TG - SPIKE B - cu soc 300 VU 2-39
2026-08-16 21:30:20,812 INFO o.a.j.t.JMeterThread: Thread started: TG - SPIKE B - cu soc 300 VU 2-40
2026-08-16 21:30:20,828 INFO o.a.j.t.JMeterThread: Thread started: TG - SPIKE B - cu soc 300 VU 2-41
2026-08-16 21:30:20,845 INFO o.a.j.t.JMeterThread: Thread started: TG - SPIKE B - cu soc 300 VU 2-42
2026-08-16 21:30:20,861 INFO o.a.j.t.JMeterThread: Thread started: TG - SPIKE B - cu soc 300 VU 2-43
2026-08-16 21:30:20,879 INFO o.a.j.t.JMeterThread: Thread started: TG - SPIKE B - cu soc 300 VU 2-44
2026-08-16 21:30:20,896 INFO o.a.j.t.JMeterThread: Thread started: TG - SPIKE B - cu soc 300 VU 2-45
2026-08-16 21:30:20,912 INFO o.a.j.t.JMeterThread: Thread started: TG - SPIKE B - cu soc 300 VU 2-46
2026-08-16 21:30:20,930 INFO o.a.j.t.JMeterThread: Thread started: TG - SPIKE B - cu soc 300 VU 2-47
2026-08-16 21:30:20,947 INFO o.a.j.t.JMeterThread: Thread started: TG - SPIKE B - cu soc 300 VU 2-48
2026-08-16 21:30:20,964 INFO o.a.j.t.JMeterThread: Thread started: TG - SPIKE B - cu soc 300 VU 2-49
2026-08-16 21:30:20,981 INFO o.a.j.t.JMeterThread: Thread started: TG - SPIKE B - cu soc 300 VU 2-50
2026-08-16 21:30:20,998 INFO o.a.j.t.JMeterThread: Thread started: TG - SPIKE B - cu soc 300 VU 2-51
2026-08-16 21:30:21,015 INFO o.a.j.t.JMeterThread: Thread started: TG - SPIKE B - cu soc 300 VU 2-52
2026-08-16 21:30:21,031 INFO o.a.j.t.JMeterThread: Thread started: TG - SPIKE B - cu soc 300 VU 2-53
2026-08-16 21:30:21,048 INFO o.a.j.t.JMeterThread: Thread started: TG - SPIKE B - cu soc 300 VU 2-54
2026-08-16 21:30:21,066 INFO o.a.j.t.JMeterThread: Thread started: TG - SPIKE B - cu soc 300 VU 2-55
2026-08-16 21:30:21,083 INFO o.a.j.t.JMeterThread: Thread started: TG - SPIKE B - cu soc 300 VU 2-56
2026-08-16 21:30:21,100 INFO o.a.j.t.JMeterThread: Thread started: TG - SPIKE B - cu soc 300 VU 2-57
2026-08-16 21:30:21,117 INFO o.a.j.t.JMeterThread: Thread started: TG - SPIKE B - cu soc 300 VU 2-58
2026-08-16 21:30:21,134 INFO o.a.j.t.JMeterThread: Thread started: TG - SPIKE B - cu soc 300 VU 2-59
2026-08-16 21:30:21,151 INFO o.a.j.t.JMeterThread: Thread started: TG - SPIKE B - cu soc 300 VU 2-60
2026-08-16 21:30:21,168 INFO o.a.j.t.JMeterThread: Thread started: TG - SPIKE B - cu soc 300 VU 2-61
2026-08-16 21:30:21,183 INFO o.a.j.t.JMeterThread: Thread started: TG - SPIKE B - cu soc 300 VU 2-62
2026-08-16 21:30:21,202 INFO o.a.j.t.JMeterThread: Thread started: TG - SPIKE B - cu soc 300 VU 2-63
2026-08-16 21:30:21,219 INFO o.a.j.t.JMeterThread: Thread started: TG - SPIKE B - cu soc 300 VU 2-64
2026-08-16 21:30:21,235 INFO o.a.j.t.JMeterThread: Thread started: TG - SPIKE B - cu soc 300 VU 2-65
2026-08-16 21:30:21,255 INFO o.a.j.t.JMeterThread: Thread started: TG - SPIKE B - cu soc 300 VU 2-66
2026-08-16 21:30:21,269 INFO o.a.j.t.JMeterThread: Thread started: TG - SPIKE B - cu soc 300 VU 2-67
2026-08-16 21:30:21,286 INFO o.a.j.t.JMeterThread: Thread started: TG - SPIKE B - cu soc 300 VU 2-68
2026-08-16 21:30:21,303 INFO o.a.j.t.JMeterThread: Thread started: TG - SPIKE B - cu soc 300 VU 2-69
2026-08-16 21:30:21,320 INFO o.a.j.t.JMeterThread: Thread started: TG - SPIKE B - cu soc 300 VU 2-70
2026-08-16 21:30:21,338 INFO o.a.j.t.JMeterThread: Thread started: TG - SPIKE B - cu soc 300 VU 2-71
2026-08-16 21:30:21,353 INFO o.a.j.t.JMeterThread: Thread started: TG - SPIKE B - cu soc 300 VU 2-72
2026-08-16 21:30:21,371 INFO o.a.j.t.JMeterThread: Thread started: TG - SPIKE B - cu soc 300 VU 2-73
2026-08-16 21:30:21,388 INFO o.a.j.t.JMeterThread: Thread started: TG - SPIKE B - cu soc 300 VU 2-74
2026-08-16 21:30:21,405 INFO o.a.j.t.JMeterThread: Thread started: TG - SPIKE B - cu soc 300 VU 2-75
2026-08-16 21:30:21,422 INFO o.a.j.t.JMeterThread: Thread started: TG - SPIKE B - cu soc 300 VU 2-76
2026-08-16 21:30:21,439 INFO o.a.j.t.JMeterThread: Thread started: TG - SPIKE B - cu soc 300 VU 2-77
2026-08-16 21:30:21,457 INFO o.a.j.t.JMeterThread: Thread started: TG - SPIKE B - cu soc 300 VU 2-78
2026-08-16 21:30:21,474 INFO o.a.j.t.JMeterThread: Thread started: TG - SPIKE B - cu soc 300 VU 2-79
2026-08-16 21:30:21,491 INFO o.a.j.t.JMeterThread: Thread started: TG - SPIKE B - cu soc 300 VU 2-80
2026-08-16 21:30:21,508 INFO o.a.j.t.JMeterThread: Thread started: TG - SPIKE B - cu soc 300 VU 2-81
2026-08-16 21:30:21,525 INFO o.a.j.t.JMeterThread: Thread started: TG - SPIKE B - cu soc 300 VU 2-82
2026-08-16 21:30:21,541 INFO o.a.j.t.JMeterThread: Thread started: TG - SPIKE B - cu soc 300 VU 2-83
2026-08-16 21:30:21,558 INFO o.a.j.t.JMeterThread: Thread started: TG - SPIKE B - cu soc 300 VU 2-84
2026-08-16 21:30:21,575 INFO o.a.j.t.JMeterThread: Thread started: TG - SPIKE B - cu soc 300 VU 2-85
2026-08-16 21:30:21,593 INFO o.a.j.t.JMeterThread: Thread started: TG - SPIKE B - cu soc 300 VU 2-86
2026-08-16 21:30:21,610 INFO o.a.j.t.JMeterThread: Thread started: TG - SPIKE B - cu soc 300 VU 2-87
2026-08-16 21:30:21,626 INFO o.a.j.t.JMeterThread: Thread started: TG - SPIKE B - cu soc 300 VU 2-88
2026-08-16 21:30:21,644 INFO o.a.j.t.JMeterThread: Thread started: TG - SPIKE B - cu soc 300 VU 2-89
2026-08-16 21:30:21,660 INFO o.a.j.t.JMeterThread: Thread started: TG - SPIKE B - cu soc 300 VU 2-90
2026-08-16 21:30:21,677 INFO o.a.j.t.JMeterThread: Thread started: TG - SPIKE B - cu soc 300 VU 2-91
2026-08-16 21:30:21,694 INFO o.a.j.t.JMeterThread: Thread started: TG - SPIKE B - cu soc 300 VU 2-92
2026-08-16 21:30:21,711 INFO o.a.j.t.JMeterThread: Thread started: TG - SPIKE B - cu soc 300 VU 2-93
2026-08-16 21:30:21,728 INFO o.a.j.t.JMeterThread: Thread started: TG - SPIKE B - cu soc 300 VU 2-94
2026-08-16 21:30:21,745 INFO o.a.j.t.JMeterThread: Thread started: TG - SPIKE B - cu soc 300 VU 2-95
2026-08-16 21:30:21,763 INFO o.a.j.t.JMeterThread: Thread started: TG - SPIKE B - cu soc 300 VU 2-96
2026-08-16 21:30:21,779 INFO o.a.j.t.JMeterThread: Thread started: TG - SPIKE B - cu soc 300 VU 2-97
2026-08-16 21:30:21,796 INFO o.a.j.t.JMeterThread: Thread started: TG - SPIKE B - cu soc 300 VU 2-98
2026-08-16 21:30:21,813 INFO o.a.j.t.JMeterThread: Thread started: TG - SPIKE B - cu soc 300 VU 2-99
2026-08-16 21:30:21,830 INFO o.a.j.t.JMeterThread: Thread started: TG - SPIKE B - cu soc 300 VU 2-100
2026-08-16 21:30:21,847 INFO o.a.j.t.JMeterThread: Thread started: TG - SPIKE B - cu soc 300 VU 2-101
2026-08-16 21:30:21,865 INFO o.a.j.t.JMeterThread: Thread started: TG - SPIKE B - cu soc 300 VU 2-102
2026-08-16 21:30:21,882 INFO o.a.j.t.JMeterThread: Thread started: TG - SPIKE B - cu soc 300 VU 2-103
2026-08-16 21:30:21,898 INFO o.a.j.t.JMeterThread: Thread started: TG - SPIKE B - cu soc 300 VU 2-104
2026-08-16 21:30:21,915 INFO o.a.j.t.JMeterThread: Thread started: TG - SPIKE B - cu soc 300 VU 2-105
2026-08-16 21:30:21,932 INFO o.a.j.t.JMeterThread: Thread started: TG - SPIKE B - cu soc 300 VU 2-106
2026-08-16 21:30:21,949 INFO o.a.j.t.JMeterThread: Thread started: TG - SPIKE B - cu soc 300 VU 2-107
2026-08-16 21:30:21,966 INFO o.a.j.t.JMeterThread: Thread started: TG - SPIKE B - cu soc 300 VU 2-108
2026-08-16 21:30:21,983 INFO o.a.j.t.JMeterThread: Thread started: TG - SPIKE B - cu soc 300 VU 2-109
2026-08-16 21:30:22,001 INFO o.a.j.t.JMeterThread: Thread started: TG - SPIKE B - cu soc 300 VU 2-110
2026-08-16 21:30:22,018 INFO o.a.j.t.JMeterThread: Thread started: TG - SPIKE B - cu soc 300 VU 2-111
2026-08-16 21:30:22,034 INFO o.a.j.t.JMeterThread: Thread started: TG - SPIKE B - cu soc 300 VU 2-112
2026-08-16 21:30:22,052 INFO o.a.j.t.JMeterThread: Thread started: TG - SPIKE B - cu soc 300 VU 2-113
2026-08-16 21:30:22,068 INFO o.a.j.t.JMeterThread: Thread started: TG - SPIKE B - cu soc 300 VU 2-114
2026-08-16 21:30:22,085 INFO o.a.j.t.JMeterThread: Thread started: TG - SPIKE B - cu soc 300 VU 2-115
2026-08-16 21:30:22,102 INFO o.a.j.t.JMeterThread: Thread started: TG - SPIKE B - cu soc 300 VU 2-116
2026-08-16 21:30:22,119 INFO o.a.j.t.JMeterThread: Thread started: TG - SPIKE B - cu soc 300 VU 2-117
2026-08-16 21:30:22,136 INFO o.a.j.t.JMeterThread: Thread started: TG - SPIKE B - cu soc 300 VU 2-118
2026-08-16 21:30:22,156 INFO o.a.j.t.JMeterThread: Thread started: TG - SPIKE B - cu soc 300 VU 2-119
2026-08-16 21:30:22,170 INFO o.a.j.t.JMeterThread: Thread started: TG - SPIKE B - cu soc 300 VU 2-120
2026-08-16 21:30:22,188 INFO o.a.j.t.JMeterThread: Thread started: TG - SPIKE B - cu soc 300 VU 2-121
2026-08-16 21:30:22,205 INFO o.a.j.t.JMeterThread: Thread started: TG - SPIKE B - cu soc 300 VU 2-122
2026-08-16 21:30:22,222 INFO o.a.j.t.JMeterThread: Thread started: TG - SPIKE B - cu soc 300 VU 2-123
2026-08-16 21:30:22,241 INFO o.a.j.t.JMeterThread: Thread started: TG - SPIKE B - cu soc 300 VU 2-124
2026-08-16 21:30:22,256 INFO o.a.j.t.JMeterThread: Thread started: TG - SPIKE B - cu soc 300 VU 2-125
2026-08-16 21:30:22,272 INFO o.a.j.t.JMeterThread: Thread started: TG - SPIKE B - cu soc 300 VU 2-126
2026-08-16 21:30:22,290 INFO o.a.j.t.JMeterThread: Thread started: TG - SPIKE B - cu soc 300 VU 2-127
2026-08-16 21:30:22,307 INFO o.a.j.t.JMeterThread: Thread started: TG - SPIKE B - cu soc 300 VU 2-128
2026-08-16 21:30:22,323 INFO o.a.j.t.JMeterThread: Thread started: TG - SPIKE B - cu soc 300 VU 2-129
2026-08-16 21:30:22,340 INFO o.a.j.t.JMeterThread: Thread started: TG - SPIKE B - cu soc 300 VU 2-130
2026-08-16 21:30:22,357 INFO o.a.j.t.JMeterThread: Thread started: TG - SPIKE B - cu soc 300 VU 2-131
2026-08-16 21:30:22,374 INFO o.a.j.t.JMeterThread: Thread started: TG - SPIKE B - cu soc 300 VU 2-132
2026-08-16 21:30:22,391 INFO o.a.j.t.JMeterThread: Thread started: TG - SPIKE B - cu soc 300 VU 2-133
2026-08-16 21:30:22,408 INFO o.a.j.t.JMeterThread: Thread started: TG - SPIKE B - cu soc 300 VU 2-134
2026-08-16 21:30:22,426 INFO o.a.j.t.JMeterThread: Thread started: TG - SPIKE B - cu soc 300 VU 2-135
2026-08-16 21:30:22,443 INFO o.a.j.t.JMeterThread: Thread started: TG - SPIKE B - cu soc 300 VU 2-136
2026-08-16 21:30:22,460 INFO o.a.j.t.JMeterThread: Thread started: TG - SPIKE B - cu soc 300 VU 2-137
2026-08-16 21:30:22,477 INFO o.a.j.t.JMeterThread: Thread started: TG - SPIKE B - cu soc 300 VU 2-138
2026-08-16 21:30:22,494 INFO o.a.j.t.JMeterThread: Thread started: TG - SPIKE B - cu soc 300 VU 2-139
2026-08-16 21:30:22,511 INFO o.a.j.t.JMeterThread: Thread started: TG - SPIKE B - cu soc 300 VU 2-140
2026-08-16 21:30:22,527 INFO o.a.j.t.JMeterThread: Thread started: TG - SPIKE B - cu soc 300 VU 2-141
2026-08-16 21:30:22,545 INFO o.a.j.t.JMeterThread: Thread started: TG - SPIKE B - cu soc 300 VU 2-142
2026-08-16 21:30:22,562 INFO o.a.j.t.JMeterThread: Thread started: TG - SPIKE B - cu soc 300 VU 2-143
2026-08-16 21:30:22,579 INFO o.a.j.t.JMeterThread: Thread started: TG - SPIKE B - cu soc 300 VU 2-144
2026-08-16 21:30:22,596 INFO o.a.j.t.JMeterThread: Thread started: TG - SPIKE B - cu soc 300 VU 2-145
2026-08-16 21:30:22,613 INFO o.a.j.t.JMeterThread: Thread started: TG - SPIKE B - cu soc 300 VU 2-146
2026-08-16 21:30:22,630 INFO o.a.j.t.JMeterThread: Thread started: TG - SPIKE B - cu soc 300 VU 2-147
2026-08-16 21:30:22,646 INFO o.a.j.t.JMeterThread: Thread started: TG - SPIKE B - cu soc 300 VU 2-148
2026-08-16 21:30:22,663 INFO o.a.j.t.JMeterThread: Thread started: TG - SPIKE B - cu soc 300 VU 2-149
2026-08-16 21:30:22,681 INFO o.a.j.t.JMeterThread: Thread started: TG - SPIKE B - cu soc 300 VU 2-150
2026-08-16 21:30:22,697 INFO o.a.j.t.JMeterThread: Thread started: TG - SPIKE B - cu soc 300 VU 2-151
2026-08-16 21:30:22,715 INFO o.a.j.t.JMeterThread: Thread started: TG - SPIKE B - cu soc 300 VU 2-152
2026-08-16 21:30:22,731 INFO o.a.j.t.JMeterThread: Thread started: TG - SPIKE B - cu soc 300 VU 2-153
2026-08-16 21:30:22,748 INFO o.a.j.t.JMeterThread: Thread started: TG - SPIKE B - cu soc 300 VU 2-154
2026-08-16 21:30:22,765 INFO o.a.j.t.JMeterThread: Thread started: TG - SPIKE B - cu soc 300 VU 2-155
2026-08-16 21:30:22,783 INFO o.a.j.t.JMeterThread: Thread started: TG - SPIKE B - cu soc 300 VU 2-156
2026-08-16 21:30:22,800 INFO o.a.j.t.JMeterThread: Thread started: TG - SPIKE B - cu soc 300 VU 2-157
2026-08-16 21:30:22,816 INFO o.a.j.t.JMeterThread: Thread started: TG - SPIKE B - cu soc 300 VU 2-158
2026-08-16 21:30:22,834 INFO o.a.j.t.JMeterThread: Thread started: TG - SPIKE B - cu soc 300 VU 2-159
2026-08-16 21:30:22,850 INFO o.a.j.t.JMeterThread: Thread started: TG - SPIKE B - cu soc 300 VU 2-160
2026-08-16 21:30:22,868 INFO o.a.j.t.JMeterThread: Thread started: TG - SPIKE B - cu soc 300 VU 2-161
2026-08-16 21:30:22,884 INFO o.a.j.t.JMeterThread: Thread started: TG - SPIKE B - cu soc 300 VU 2-162
2026-08-16 21:30:22,902 INFO o.a.j.t.JMeterThread: Thread started: TG - SPIKE B - cu soc 300 VU 2-163
2026-08-16 21:30:22,919 INFO o.a.j.t.JMeterThread: Thread started: TG - SPIKE B - cu soc 300 VU 2-164
2026-08-16 21:30:22,935 INFO o.a.j.t.JMeterThread: Thread started: TG - SPIKE B - cu soc 300 VU 2-165
2026-08-16 21:30:22,953 INFO o.a.j.t.JMeterThread: Thread started: TG - SPIKE B - cu soc 300 VU 2-166
2026-08-16 21:30:22,970 INFO o.a.j.t.JMeterThread: Thread started: TG - SPIKE B - cu soc 300 VU 2-167
2026-08-16 21:30:22,987 INFO o.a.j.t.JMeterThread: Thread started: TG - SPIKE B - cu soc 300 VU 2-168
2026-08-16 21:30:23,004 INFO o.a.j.t.JMeterThread: Thread started: TG - SPIKE B - cu soc 300 VU 2-169
2026-08-16 21:30:23,021 INFO o.a.j.t.JMeterThread: Thread started: TG - SPIKE B - cu soc 300 VU 2-170
2026-08-16 21:30:23,037 INFO o.a.j.t.JMeterThread: Thread started: TG - SPIKE B - cu soc 300 VU 2-171
2026-08-16 21:30:23,054 INFO o.a.j.t.JMeterThread: Thread started: TG - SPIKE B - cu soc 300 VU 2-172
2026-08-16 21:30:23,071 INFO o.a.j.t.JMeterThread: Thread started: TG - SPIKE B - cu soc 300 VU 2-173
2026-08-16 21:30:23,090 INFO o.a.j.t.JMeterThread: Thread started: TG - SPIKE B - cu soc 300 VU 2-174
2026-08-16 21:30:23,107 INFO o.a.j.t.JMeterThread: Thread started: TG - SPIKE B - cu soc 300 VU 2-175
2026-08-16 21:30:23,124 INFO o.a.j.t.JMeterThread: Thread started: TG - SPIKE B - cu soc 300 VU 2-176
2026-08-16 21:30:23,140 INFO o.a.j.t.JMeterThread: Thread started: TG - SPIKE B - cu soc 300 VU 2-177
2026-08-16 21:30:23,157 INFO o.a.j.t.JMeterThread: Thread started: TG - SPIKE B - cu soc 300 VU 2-178
2026-08-16 21:30:23,173 INFO o.a.j.t.JMeterThread: Thread started: TG - SPIKE B - cu soc 300 VU 2-179
2026-08-16 21:30:23,191 INFO o.a.j.t.JMeterThread: Thread started: TG - SPIKE B - cu soc 300 VU 2-180
2026-08-16 21:30:23,208 INFO o.a.j.t.JMeterThread: Thread started: TG - SPIKE B - cu soc 300 VU 2-181
2026-08-16 21:30:23,223 INFO o.a.j.t.JMeterThread: Thread started: TG - SPIKE B - cu soc 300 VU 2-182
2026-08-16 21:30:23,241 INFO o.a.j.t.JMeterThread: Thread started: TG - SPIKE B - cu soc 300 VU 2-183
2026-08-16 21:30:23,257 INFO o.a.j.t.JMeterThread: Thread started: TG - SPIKE B - cu soc 300 VU 2-184
2026-08-16 21:30:23,274 INFO o.a.j.t.JMeterThread: Thread started: TG - SPIKE B - cu soc 300 VU 2-185
2026-08-16 21:30:23,292 INFO o.a.j.t.JMeterThread: Thread started: TG - SPIKE B - cu soc 300 VU 2-186
2026-08-16 21:30:23,310 INFO o.a.j.t.JMeterThread: Thread started: TG - SPIKE B - cu soc 300 VU 2-187
2026-08-16 21:30:23,328 INFO o.a.j.t.JMeterThread: Thread started: TG - SPIKE B - cu soc 300 VU 2-188
2026-08-16 21:30:23,344 INFO o.a.j.t.JMeterThread: Thread started: TG - SPIKE B - cu soc 300 VU 2-189
2026-08-16 21:30:23,360 INFO o.a.j.t.JMeterThread: Thread started: TG - SPIKE B - cu soc 300 VU 2-190
2026-08-16 21:30:23,377 INFO o.a.j.t.JMeterThread: Thread started: TG - SPIKE B - cu soc 300 VU 2-191
2026-08-16 21:30:23,395 INFO o.a.j.t.JMeterThread: Thread started: TG - SPIKE B - cu soc 300 VU 2-192
2026-08-16 21:30:23,412 INFO o.a.j.t.JMeterThread: Thread started: TG - SPIKE B - cu soc 300 VU 2-193
2026-08-16 21:30:23,429 INFO o.a.j.t.JMeterThread: Thread started: TG - SPIKE B - cu soc 300 VU 2-194
2026-08-16 21:30:23,445 INFO o.a.j.t.JMeterThread: Thread started: TG - SPIKE B - cu soc 300 VU 2-195
2026-08-16 21:30:23,462 INFO o.a.j.t.JMeterThread: Thread started: TG - SPIKE B - cu soc 300 VU 2-196
2026-08-16 21:30:23,479 INFO o.a.j.t.JMeterThread: Thread started: TG - SPIKE B - cu soc 300 VU 2-197
2026-08-16 21:30:23,496 INFO o.a.j.t.JMeterThread: Thread started: TG - SPIKE B - cu soc 300 VU 2-198
2026-08-16 21:30:23,513 INFO o.a.j.t.JMeterThread: Thread started: TG - SPIKE B - cu soc 300 VU 2-199
2026-08-16 21:30:23,531 INFO o.a.j.t.JMeterThread: Thread started: TG - SPIKE B - cu soc 300 VU 2-200
2026-08-16 21:30:23,548 INFO o.a.j.t.JMeterThread: Thread started: TG - SPIKE B - cu soc 300 VU 2-201
2026-08-16 21:30:23,564 INFO o.a.j.t.JMeterThread: Thread started: TG - SPIKE B - cu soc 300 VU 2-202
2026-08-16 21:30:23,581 INFO o.a.j.t.JMeterThread: Thread started: TG - SPIKE B - cu soc 300 VU 2-203
2026-08-16 21:30:23,598 INFO o.a.j.t.JMeterThread: Thread started: TG - SPIKE B - cu soc 300 VU 2-204
2026-08-16 21:30:23,615 INFO o.a.j.t.JMeterThread: Thread started: TG - SPIKE B - cu soc 300 VU 2-205
2026-08-16 21:30:23,632 INFO o.a.j.t.JMeterThread: Thread started: TG - SPIKE B - cu soc 300 VU 2-206
2026-08-16 21:30:23,649 INFO o.a.j.t.JMeterThread: Thread started: TG - SPIKE B - cu soc 300 VU 2-207
2026-08-16 21:30:23,668 INFO o.a.j.t.JMeterThread: Thread started: TG - SPIKE B - cu soc 300 VU 2-208
2026-08-16 21:30:23,684 INFO o.a.j.t.JMeterThread: Thread started: TG - SPIKE B - cu soc 300 VU 2-209
2026-08-16 21:30:23,700 INFO o.a.j.t.JMeterThread: Thread started: TG - SPIKE B - cu soc 300 VU 2-210
2026-08-16 21:30:23,717 INFO o.a.j.t.JMeterThread: Thread started: TG - SPIKE B - cu soc 300 VU 2-211
2026-08-16 21:30:23,734 INFO o.a.j.t.JMeterThread: Thread started: TG - SPIKE B - cu soc 300 VU 2-212
2026-08-16 21:30:23,751 INFO o.a.j.t.JMeterThread: Thread started: TG - SPIKE B - cu soc 300 VU 2-213
2026-08-16 21:30:23,768 INFO o.a.j.t.JMeterThread: Thread started: TG - SPIKE B - cu soc 300 VU 2-214
2026-08-16 21:30:23,785 INFO o.a.j.t.JMeterThread: Thread started: TG - SPIKE B - cu soc 300 VU 2-215
2026-08-16 21:30:23,802 INFO o.a.j.t.JMeterThread: Thread started: TG - SPIKE B - cu soc 300 VU 2-216
2026-08-16 21:30:23,819 INFO o.a.j.t.JMeterThread: Thread started: TG - SPIKE B - cu soc 300 VU 2-217
2026-08-16 21:30:23,836 INFO o.a.j.t.JMeterThread: Thread started: TG - SPIKE B - cu soc 300 VU 2-218
2026-08-16 21:30:23,853 INFO o.a.j.t.JMeterThread: Thread started: TG - SPIKE B - cu soc 300 VU 2-219
2026-08-16 21:30:23,871 INFO o.a.j.t.JMeterThread: Thread started: TG - SPIKE B - cu soc 300 VU 2-220
2026-08-16 21:30:23,888 INFO o.a.j.t.JMeterThread: Thread started: TG - SPIKE B - cu soc 300 VU 2-221
2026-08-16 21:30:23,905 INFO o.a.j.t.JMeterThread: Thread started: TG - SPIKE B - cu soc 300 VU 2-222
2026-08-16 21:30:23,921 INFO o.a.j.t.JMeterThread: Thread started: TG - SPIKE B - cu soc 300 VU 2-223
2026-08-16 21:30:23,939 INFO o.a.j.t.JMeterThread: Thread started: TG - SPIKE B - cu soc 300 VU 2-224
2026-08-16 21:30:23,956 INFO o.a.j.t.JMeterThread: Thread started: TG - SPIKE B - cu soc 300 VU 2-225
2026-08-16 21:30:23,973 INFO o.a.j.t.JMeterThread: Thread started: TG - SPIKE B - cu soc 300 VU 2-226
2026-08-16 21:30:23,990 INFO o.a.j.t.JMeterThread: Thread started: TG - SPIKE B - cu soc 300 VU 2-227
2026-08-16 21:30:24,006 INFO o.a.j.t.JMeterThread: Thread started: TG - SPIKE B - cu soc 300 VU 2-228
2026-08-16 21:30:24,023 INFO o.a.j.t.JMeterThread: Thread started: TG - SPIKE B - cu soc 300 VU 2-229
2026-08-16 21:30:24,040 INFO o.a.j.t.JMeterThread: Thread started: TG - SPIKE B - cu soc 300 VU 2-230
2026-08-16 21:30:24,059 INFO o.a.j.t.JMeterThread: Thread started: TG - SPIKE B - cu soc 300 VU 2-231
2026-08-16 21:30:24,075 INFO o.a.j.t.JMeterThread: Thread started: TG - SPIKE B - cu soc 300 VU 2-232
2026-08-16 21:30:24,092 INFO o.a.j.t.JMeterThread: Thread started: TG - SPIKE B - cu soc 300 VU 2-233
2026-08-16 21:30:24,109 INFO o.a.j.t.JMeterThread: Thread started: TG - SPIKE B - cu soc 300 VU 2-234
2026-08-16 21:30:24,125 INFO o.a.j.t.JMeterThread: Thread started: TG - SPIKE B - cu soc 300 VU 2-235
2026-08-16 21:30:24,142 INFO o.a.j.t.JMeterThread: Thread started: TG - SPIKE B - cu soc 300 VU 2-236
2026-08-16 21:30:24,161 INFO o.a.j.t.JMeterThread: Thread started: TG - SPIKE B - cu soc 300 VU 2-237
2026-08-16 21:30:24,177 INFO o.a.j.t.JMeterThread: Thread started: TG - SPIKE B - cu soc 300 VU 2-238
2026-08-16 21:30:24,193 INFO o.a.j.t.JMeterThread: Thread started: TG - SPIKE B - cu soc 300 VU 2-239
2026-08-16 21:30:24,210 INFO o.a.j.t.JMeterThread: Thread started: TG - SPIKE B - cu soc 300 VU 2-240
2026-08-16 21:30:24,227 INFO o.a.j.t.JMeterThread: Thread started: TG - SPIKE B - cu soc 300 VU 2-241
2026-08-16 21:30:24,244 INFO o.a.j.t.JMeterThread: Thread started: TG - SPIKE B - cu soc 300 VU 2-242
2026-08-16 21:30:24,263 INFO o.a.j.t.JMeterThread: Thread started: TG - SPIKE B - cu soc 300 VU 2-243
2026-08-16 21:30:24,279 INFO o.a.j.t.JMeterThread: Thread started: TG - SPIKE B - cu soc 300 VU 2-244
2026-08-16 21:30:24,296 INFO o.a.j.t.JMeterThread: Thread started: TG - SPIKE B - cu soc 300 VU 2-245
2026-08-16 21:30:24,313 INFO o.a.j.t.JMeterThread: Thread started: TG - SPIKE B - cu soc 300 VU 2-246
2026-08-16 21:30:24,330 INFO o.a.j.t.JMeterThread: Thread started: TG - SPIKE B - cu soc 300 VU 2-247
2026-08-16 21:30:24,347 INFO o.a.j.t.JMeterThread: Thread started: TG - SPIKE B - cu soc 300 VU 2-248
2026-08-16 21:30:24,364 INFO o.a.j.t.JMeterThread: Thread started: TG - SPIKE B - cu soc 300 VU 2-249
2026-08-16 21:30:24,381 INFO o.a.j.t.JMeterThread: Thread started: TG - SPIKE B - cu soc 300 VU 2-250
2026-08-16 21:30:24,398 INFO o.a.j.t.JMeterThread: Thread started: TG - SPIKE B - cu soc 300 VU 2-251
2026-08-16 21:30:24,415 INFO o.a.j.t.JMeterThread: Thread started: TG - SPIKE B - cu soc 300 VU 2-252
2026-08-16 21:30:24,432 INFO o.a.j.t.JMeterThread: Thread started: TG - SPIKE B - cu soc 300 VU 2-253
2026-08-16 21:30:24,449 INFO o.a.j.t.JMeterThread: Thread started: TG - SPIKE B - cu soc 300 VU 2-254
2026-08-16 21:30:24,466 INFO o.a.j.t.JMeterThread: Thread started: TG - SPIKE B - cu soc 300 VU 2-255
2026-08-16 21:30:24,483 INFO o.a.j.t.JMeterThread: Thread started: TG - SPIKE B - cu soc 300 VU 2-256
2026-08-16 21:30:24,500 INFO o.a.j.t.JMeterThread: Thread started: TG - SPIKE B - cu soc 300 VU 2-257
2026-08-16 21:30:24,517 INFO o.a.j.t.JMeterThread: Thread started: TG - SPIKE B - cu soc 300 VU 2-258
2026-08-16 21:30:24,534 INFO o.a.j.t.JMeterThread: Thread started: TG - SPIKE B - cu soc 300 VU 2-259
2026-08-16 21:30:24,551 INFO o.a.j.t.JMeterThread: Thread started: TG - SPIKE B - cu soc 300 VU 2-260
2026-08-16 21:30:24,568 INFO o.a.j.t.JMeterThread: Thread started: TG - SPIKE B - cu soc 300 VU 2-261
2026-08-16 21:30:24,587 INFO o.a.j.t.JMeterThread: Thread started: TG - SPIKE B - cu soc 300 VU 2-262
2026-08-16 21:30:24,602 INFO o.a.j.t.JMeterThread: Thread started: TG - SPIKE B - cu soc 300 VU 2-263
2026-08-16 21:30:24,619 INFO o.a.j.t.JMeterThread: Thread started: TG - SPIKE B - cu soc 300 VU 2-264
2026-08-16 21:30:24,636 INFO o.a.j.t.JMeterThread: Thread started: TG - SPIKE B - cu soc 300 VU 2-265
2026-08-16 21:30:24,654 INFO o.a.j.t.JMeterThread: Thread started: TG - SPIKE B - cu soc 300 VU 2-266
2026-08-16 21:30:24,670 INFO o.a.j.t.JMeterThread: Thread started: TG - SPIKE B - cu soc 300 VU 2-267
2026-08-16 21:30:24,687 INFO o.a.j.t.JMeterThread: Thread started: TG - SPIKE B - cu soc 300 VU 2-268
2026-08-16 21:30:24,704 INFO o.a.j.t.JMeterThread: Thread started: TG - SPIKE B - cu soc 300 VU 2-269
2026-08-16 21:30:24,721 INFO o.a.j.t.JMeterThread: Thread started: TG - SPIKE B - cu soc 300 VU 2-270
2026-08-16 21:30:24,738 INFO o.a.j.t.JMeterThread: Thread started: TG - SPIKE B - cu soc 300 VU 2-271
2026-08-16 21:30:24,755 INFO o.a.j.t.JMeterThread: Thread started: TG - SPIKE B - cu soc 300 VU 2-272
2026-08-16 21:30:24,772 INFO o.a.j.t.JMeterThread: Thread started: TG - SPIKE B - cu soc 300 VU 2-273
2026-08-16 21:30:24,788 INFO o.a.j.t.JMeterThread: Thread started: TG - SPIKE B - cu soc 300 VU 2-274
2026-08-16 21:30:24,805 INFO o.a.j.t.JMeterThread: Thread started: TG - SPIKE B - cu soc 300 VU 2-275
2026-08-16 21:30:24,822 INFO o.a.j.t.JMeterThread: Thread started: TG - SPIKE B - cu soc 300 VU 2-276
2026-08-16 21:30:24,839 INFO o.a.j.t.JMeterThread: Thread started: TG - SPIKE B - cu soc 300 VU 2-277
2026-08-16 21:30:24,856 INFO o.a.j.t.JMeterThread: Thread started: TG - SPIKE B - cu soc 300 VU 2-278
2026-08-16 21:30:24,873 INFO o.a.j.t.JMeterThread: Thread started: TG - SPIKE B - cu soc 300 VU 2-279
2026-08-16 21:30:24,891 INFO o.a.j.t.JMeterThread: Thread started: TG - SPIKE B - cu soc 300 VU 2-280
2026-08-16 21:30:24,908 INFO o.a.j.t.JMeterThread: Thread started: TG - SPIKE B - cu soc 300 VU 2-281
2026-08-16 21:30:24,926 INFO o.a.j.t.JMeterThread: Thread started: TG - SPIKE B - cu soc 300 VU 2-282
2026-08-16 21:30:24,941 INFO o.a.j.t.JMeterThread: Thread started: TG - SPIKE B - cu soc 300 VU 2-283
2026-08-16 21:30:24,958 INFO o.a.j.t.JMeterThread: Thread started: TG - SPIKE B - cu soc 300 VU 2-284
2026-08-16 21:30:24,976 INFO o.a.j.t.JMeterThread: Thread started: TG - SPIKE B - cu soc 300 VU 2-285
2026-08-16 21:30:24,992 INFO o.a.j.t.JMeterThread: Thread started: TG - SPIKE B - cu soc 300 VU 2-286
2026-08-16 21:30:25,009 INFO o.a.j.t.JMeterThread: Thread started: TG - SPIKE B - cu soc 300 VU 2-287
2026-08-16 21:30:25,026 INFO o.a.j.t.JMeterThread: Thread started: TG - SPIKE B - cu soc 300 VU 2-288
2026-08-16 21:30:25,045 INFO o.a.j.t.JMeterThread: Thread started: TG - SPIKE B - cu soc 300 VU 2-289
2026-08-16 21:30:25,061 INFO o.a.j.t.JMeterThread: Thread started: TG - SPIKE B - cu soc 300 VU 2-290
2026-08-16 21:30:25,079 INFO o.a.j.t.JMeterThread: Thread started: TG - SPIKE B - cu soc 300 VU 2-291
2026-08-16 21:30:25,095 INFO o.a.j.t.JMeterThread: Thread started: TG - SPIKE B - cu soc 300 VU 2-292
2026-08-16 21:30:25,112 INFO o.a.j.t.JMeterThread: Thread started: TG - SPIKE B - cu soc 300 VU 2-293
2026-08-16 21:30:25,129 INFO o.a.j.t.JMeterThread: Thread started: TG - SPIKE B - cu soc 300 VU 2-294
2026-08-16 21:30:25,147 INFO o.a.j.t.JMeterThread: Thread started: TG - SPIKE B - cu soc 300 VU 2-295
2026-08-16 21:30:25,163 INFO o.a.j.t.JMeterThread: Thread started: TG - SPIKE B - cu soc 300 VU 2-296
2026-08-16 21:30:25,180 INFO o.a.j.t.JMeterThread: Thread started: TG - SPIKE B - cu soc 300 VU 2-297
2026-08-16 21:30:25,197 INFO o.a.j.t.JMeterThread: Thread started: TG - SPIKE B - cu soc 300 VU 2-298
2026-08-16 21:30:25,214 INFO o.a.j.t.JMeterThread: Thread started: TG - SPIKE B - cu soc 300 VU 2-299
2026-08-16 21:30:25,231 INFO o.a.j.t.JMeterThread: Thread started: TG - SPIKE B - cu soc 300 VU 2-300
2026-08-16 21:30:30,000 INFO o.a.j.r.Summariser: summary +   6426 in 00:00:30 =  214.3/s Avg:   135 Min:     0 Max:   519 Err:     0 (0.00%) Active: 340 Started: 340 Finished: 0
2026-08-16 21:30:30,000 INFO o.a.j.r.Summariser: summary =   9121 in 00:01:40 =   91.3/s Avg:    96 Min:     0 Max:   519 Err:     0 (0.00%)
2026-08-16 21:31:00,001 INFO o.a.j.r.Summariser: summary +  18175 in 00:00:30 =  605.8/s Avg:   290 Min:    19 Max:   809 Err:     0 (0.00%) Active: 340 Started: 340 Finished: 0
2026-08-16 21:31:00,001 INFO o.a.j.r.Summariser: summary =  27296 in 00:02:10 =  210.1/s Avg:   226 Min:     0 Max:   809 Err:     0 (0.00%)
2026-08-16 21:31:19,483 INFO o.a.j.t.JMeterThread: Thread finished: TG - SPIKE B - cu soc 300 VU 2-89
2026-08-16 21:31:19,544 INFO o.a.j.t.JMeterThread: Thread finished: TG - SPIKE B - cu soc 300 VU 2-255
2026-08-16 21:31:19,619 INFO o.a.j.t.JMeterThread: Thread finished: TG - SPIKE B - cu soc 300 VU 2-66
2026-08-16 21:31:19,620 INFO o.a.j.t.JMeterThread: Thread finished: TG - SPIKE B - cu soc 300 VU 2-284
2026-08-16 21:31:19,621 INFO o.a.j.t.JMeterThread: Thread finished: TG - SPIKE B - cu soc 300 VU 2-269
2026-08-16 21:31:19,627 INFO o.a.j.t.JMeterThread: Thread finished: TG - SPIKE B - cu soc 300 VU 2-137
2026-08-16 21:31:19,629 INFO o.a.j.t.JMeterThread: Thread finished: TG - SPIKE B - cu soc 300 VU 2-84
2026-08-16 21:31:19,641 INFO o.a.j.t.JMeterThread: Thread finished: TG - SPIKE B - cu soc 300 VU 2-152
2026-08-16 21:31:19,644 INFO o.a.j.t.JMeterThread: Thread finished: TG - SPIKE B - cu soc 300 VU 2-49
2026-08-16 21:31:19,647 INFO o.a.j.t.JMeterThread: Thread finished: TG - SPIKE B - cu soc 300 VU 2-100
2026-08-16 21:31:19,650 INFO o.a.j.t.JMeterThread: Thread finished: TG - SPIKE B - cu soc 300 VU 2-200
2026-08-16 21:31:19,653 INFO o.a.j.t.JMeterThread: Thread finished: TG - SPIKE B - cu soc 300 VU 2-238
2026-08-16 21:31:19,653 INFO o.a.j.t.JMeterThread: Thread finished: TG - SPIKE B - cu soc 300 VU 2-212
2026-08-16 21:31:19,655 INFO o.a.j.t.JMeterThread: Thread finished: TG - SPIKE B - cu soc 300 VU 2-234
2026-08-16 21:31:19,659 INFO o.a.j.t.JMeterThread: Thread finished: TG - SPIKE B - cu soc 300 VU 2-289
2026-08-16 21:31:19,661 INFO o.a.j.t.JMeterThread: Thread finished: TG - SPIKE B - cu soc 300 VU 2-72
2026-08-16 21:31:19,680 INFO o.a.j.t.JMeterThread: Thread finished: TG - SPIKE B - cu soc 300 VU 2-182
2026-08-16 21:31:19,739 INFO o.a.j.t.JMeterThread: Thread finished: TG - SPIKE B - cu soc 300 VU 2-46
2026-08-16 21:31:19,741 INFO o.a.j.t.JMeterThread: Thread finished: TG - SPIKE B - cu soc 300 VU 2-242
2026-08-16 21:31:19,743 INFO o.a.j.t.JMeterThread: Thread finished: TG - SPIKE B - cu soc 300 VU 2-172
2026-08-16 21:31:19,744 INFO o.a.j.t.JMeterThread: Thread finished: TG - SPIKE B - cu soc 300 VU 2-64
2026-08-16 21:31:19,746 INFO o.a.j.t.JMeterThread: Thread finished: TG - SPIKE B - cu soc 300 VU 2-3
2026-08-16 21:31:19,746 INFO o.a.j.t.JMeterThread: Thread finished: TG - SPIKE B - cu soc 300 VU 2-278
2026-08-16 21:31:19,748 INFO o.a.j.t.JMeterThread: Thread finished: TG - SPIKE B - cu soc 300 VU 2-131
2026-08-16 21:31:19,750 INFO o.a.j.t.JMeterThread: Thread finished: TG - SPIKE B - cu soc 300 VU 2-266
2026-08-16 21:31:19,750 INFO o.a.j.t.JMeterThread: Thread finished: TG - SPIKE B - cu soc 300 VU 2-178
2026-08-16 21:31:19,751 INFO o.a.j.t.JMeterThread: Thread finished: TG - SPIKE B - cu soc 300 VU 2-24
2026-08-16 21:31:19,751 INFO o.a.j.t.JMeterThread: Thread finished: TG - SPIKE B - cu soc 300 VU 2-57
2026-08-16 21:31:19,752 INFO o.a.j.t.JMeterThread: Thread finished: TG - SPIKE B - cu soc 300 VU 2-5
2026-08-16 21:31:19,758 INFO o.a.j.t.JMeterThread: Thread finished: TG - SPIKE B - cu soc 300 VU 2-174
2026-08-16 21:31:19,764 INFO o.a.j.t.JMeterThread: Thread finished: TG - SPIKE B - cu soc 300 VU 2-204
2026-08-16 21:31:19,766 INFO o.a.j.t.JMeterThread: Thread finished: TG - SPIKE B - cu soc 300 VU 2-160
2026-08-16 21:31:19,767 INFO o.a.j.t.JMeterThread: Thread finished: TG - SPIKE B - cu soc 300 VU 2-22
2026-08-16 21:31:19,806 INFO o.a.j.t.JMeterThread: Thread finished: TG - SPIKE B - cu soc 300 VU 2-65
2026-08-16 21:31:19,877 INFO o.a.j.t.JMeterThread: Thread finished: TG - SPIKE B - cu soc 300 VU 2-44
2026-08-16 21:31:19,877 INFO o.a.j.t.JMeterThread: Thread finished: TG - SPIKE B - cu soc 300 VU 2-116
2026-08-16 21:31:19,877 INFO o.a.j.t.JMeterThread: Thread finished: TG - SPIKE B - cu soc 300 VU 2-16
2026-08-16 21:31:19,878 INFO o.a.j.t.JMeterThread: Thread finished: TG - SPIKE B - cu soc 300 VU 2-70
2026-08-16 21:31:19,878 INFO o.a.j.t.JMeterThread: Thread finished: TG - SPIKE B - cu soc 300 VU 2-145
2026-08-16 21:31:19,878 INFO o.a.j.t.JMeterThread: Thread finished: TG - SPIKE B - cu soc 300 VU 2-222
2026-08-16 21:31:19,878 INFO o.a.j.t.JMeterThread: Thread finished: TG - SPIKE B - cu soc 300 VU 2-299
2026-08-16 21:31:19,879 INFO o.a.j.t.JMeterThread: Thread finished: TG - SPIKE B - cu soc 300 VU 2-235
2026-08-16 21:31:19,879 INFO o.a.j.t.JMeterThread: Thread finished: TG - SPIKE B - cu soc 300 VU 2-285
2026-08-16 21:31:19,879 INFO o.a.j.t.JMeterThread: Thread finished: TG - SPIKE B - cu soc 300 VU 2-23
2026-08-16 21:31:19,879 INFO o.a.j.t.JMeterThread: Thread finished: TG - SPIKE B - cu soc 300 VU 2-149
2026-08-16 21:31:19,880 INFO o.a.j.t.JMeterThread: Thread finished: TG - SPIKE B - cu soc 300 VU 2-260
2026-08-16 21:31:19,880 INFO o.a.j.t.JMeterThread: Thread finished: TG - SPIKE B - cu soc 300 VU 2-31
2026-08-16 21:31:19,880 INFO o.a.j.t.JMeterThread: Thread finished: TG - SPIKE B - cu soc 300 VU 2-47
2026-08-16 21:31:19,882 INFO o.a.j.t.JMeterThread: Thread finished: TG - SPIKE B - cu soc 300 VU 2-80
2026-08-16 21:31:19,883 INFO o.a.j.t.JMeterThread: Thread finished: TG - SPIKE B - cu soc 300 VU 2-121
2026-08-16 21:31:19,883 INFO o.a.j.t.JMeterThread: Thread finished: TG - SPIKE B - cu soc 300 VU 2-258
2026-08-16 21:31:19,884 INFO o.a.j.t.JMeterThread: Thread finished: TG - SPIKE B - cu soc 300 VU 2-28
2026-08-16 21:31:19,884 INFO o.a.j.t.JMeterThread: Thread finished: TG - SPIKE B - cu soc 300 VU 2-208
2026-08-16 21:31:19,884 INFO o.a.j.t.JMeterThread: Thread finished: TG - SPIKE B - cu soc 300 VU 2-210
2026-08-16 21:31:19,885 INFO o.a.j.t.JMeterThread: Thread finished: TG - SPIKE B - cu soc 300 VU 2-58
2026-08-16 21:31:19,885 INFO o.a.j.t.JMeterThread: Thread finished: TG - SPIKE B - cu soc 300 VU 2-239
2026-08-16 21:31:19,885 INFO o.a.j.t.JMeterThread: Thread finished: TG - SPIKE B - cu soc 300 VU 2-85
2026-08-16 21:31:19,888 INFO o.a.j.t.JMeterThread: Thread finished: TG - SPIKE B - cu soc 300 VU 2-252
2026-08-16 21:31:19,889 INFO o.a.j.t.JMeterThread: Thread finished: TG - SPIKE B - cu soc 300 VU 2-90
2026-08-16 21:31:19,889 INFO o.a.j.t.JMeterThread: Thread finished: TG - SPIKE B - cu soc 300 VU 2-288
2026-08-16 21:31:19,890 INFO o.a.j.t.JMeterThread: Thread finished: TG - SPIKE B - cu soc 300 VU 2-8
2026-08-16 21:31:19,891 INFO o.a.j.t.JMeterThread: Thread finished: TG - SPIKE B - cu soc 300 VU 2-94
2026-08-16 21:31:19,891 INFO o.a.j.t.JMeterThread: Thread finished: TG - SPIKE B - cu soc 300 VU 2-261
2026-08-16 21:31:19,892 INFO o.a.j.t.JMeterThread: Thread finished: TG - SPIKE B - cu soc 300 VU 2-67
2026-08-16 21:31:19,892 INFO o.a.j.t.JMeterThread: Thread finished: TG - SPIKE B - cu soc 300 VU 2-148
2026-08-16 21:31:19,894 INFO o.a.j.t.JMeterThread: Thread finished: TG - SPIKE B - cu soc 300 VU 2-112
2026-08-16 21:31:19,894 INFO o.a.j.t.JMeterThread: Thread finished: TG - SPIKE B - cu soc 300 VU 2-214
2026-08-16 21:31:19,895 INFO o.a.j.t.JMeterThread: Thread finished: TG - SPIKE B - cu soc 300 VU 2-181
2026-08-16 21:31:19,895 INFO o.a.j.t.JMeterThread: Thread finished: TG - SPIKE B - cu soc 300 VU 2-86
2026-08-16 21:31:19,896 INFO o.a.j.t.JMeterThread: Thread finished: TG - SPIKE B - cu soc 300 VU 2-171
2026-08-16 21:31:20,015 INFO o.a.j.t.JMeterThread: Thread finished: TG - SPIKE B - cu soc 300 VU 2-87
2026-08-16 21:31:20,016 INFO o.a.j.t.JMeterThread: Thread finished: TG - SPIKE B - cu soc 300 VU 2-217
2026-08-16 21:31:20,017 INFO o.a.j.t.JMeterThread: Thread finished: TG - SPIKE B - cu soc 300 VU 2-259
2026-08-16 21:31:20,018 INFO o.a.j.t.JMeterThread: Thread finished: TG - SPIKE B - cu soc 300 VU 2-253
2026-08-16 21:31:20,018 INFO o.a.j.t.JMeterThread: Thread finished: TG - SPIKE B - cu soc 300 VU 2-69
2026-08-16 21:31:20,020 INFO o.a.j.t.JMeterThread: Thread finished: TG - SPIKE B - cu soc 300 VU 2-230
2026-08-16 21:31:20,021 INFO o.a.j.t.JMeterThread: Thread finished: TG - SPIKE B - cu soc 300 VU 2-228
2026-08-16 21:31:20,036 INFO o.a.j.t.JMeterThread: Thread finished: TG - SPIKE B - cu soc 300 VU 2-114
2026-08-16 21:31:20,037 INFO o.a.j.t.JMeterThread: Thread finished: TG - SPIKE B - cu soc 300 VU 2-54
2026-08-16 21:31:20,037 INFO o.a.j.t.JMeterThread: Thread finished: TG - SPIKE B - cu soc 300 VU 2-128
2026-08-16 21:31:20,038 INFO o.a.j.t.JMeterThread: Thread finished: TG - SPIKE B - cu soc 300 VU 2-247
2026-08-16 21:31:20,039 INFO o.a.j.t.JMeterThread: Thread finished: TG - SPIKE B - cu soc 300 VU 2-193
2026-08-16 21:31:20,040 INFO o.a.j.t.JMeterThread: Thread finished: TG - SPIKE B - cu soc 300 VU 2-101
2026-08-16 21:31:20,041 INFO o.a.j.t.JMeterThread: Thread finished: TG - SPIKE B - cu soc 300 VU 2-124
2026-08-16 21:31:20,043 INFO o.a.j.t.JMeterThread: Thread finished: TG - SPIKE B - cu soc 300 VU 2-237
2026-08-16 21:31:20,043 INFO o.a.j.t.JMeterThread: Thread finished: TG - SPIKE B - cu soc 300 VU 2-151
2026-08-16 21:31:20,045 INFO o.a.j.t.JMeterThread: Thread finished: TG - SPIKE B - cu soc 300 VU 2-139
2026-08-16 21:31:20,046 INFO o.a.j.t.JMeterThread: Thread finished: TG - SPIKE B - cu soc 300 VU 2-265
2026-08-16 21:31:20,047 INFO o.a.j.t.JMeterThread: Thread finished: TG - SPIKE B - cu soc 300 VU 2-233
2026-08-16 21:31:20,048 INFO o.a.j.t.JMeterThread: Thread finished: TG - SPIKE B - cu soc 300 VU 2-138
2026-08-16 21:31:20,048 INFO o.a.j.t.JMeterThread: Thread finished: TG - SPIKE B - cu soc 300 VU 2-119
2026-08-16 21:31:20,049 INFO o.a.j.t.JMeterThread: Thread finished: TG - SPIKE B - cu soc 300 VU 2-157
2026-08-16 21:31:20,049 INFO o.a.j.t.JMeterThread: Thread finished: TG - SPIKE B - cu soc 300 VU 2-118
2026-08-16 21:31:20,053 INFO o.a.j.t.JMeterThread: Thread finished: TG - SPIKE B - cu soc 300 VU 2-175
2026-08-16 21:31:20,054 INFO o.a.j.t.JMeterThread: Thread finished: TG - SPIKE B - cu soc 300 VU 2-220
2026-08-16 21:31:20,054 INFO o.a.j.t.JMeterThread: Thread finished: TG - SPIKE B - cu soc 300 VU 2-184
2026-08-16 21:31:20,056 INFO o.a.j.t.JMeterThread: Thread finished: TG - SPIKE B - cu soc 300 VU 2-21
2026-08-16 21:31:20,143 INFO o.a.j.t.JMeterThread: Thread finished: TG - SPIKE B - cu soc 300 VU 2-183
2026-08-16 21:31:20,144 INFO o.a.j.t.JMeterThread: Thread finished: TG - SPIKE B - cu soc 300 VU 2-195
2026-08-16 21:31:20,144 INFO o.a.j.t.JMeterThread: Thread finished: TG - SPIKE B - cu soc 300 VU 2-83
2026-08-16 21:31:20,145 INFO o.a.j.t.JMeterThread: Thread finished: TG - SPIKE B - cu soc 300 VU 2-267
2026-08-16 21:31:20,148 INFO o.a.j.t.JMeterThread: Thread finished: TG - SPIKE B - cu soc 300 VU 2-168
2026-08-16 21:31:20,149 INFO o.a.j.t.JMeterThread: Thread finished: TG - SPIKE B - cu soc 300 VU 2-249
2026-08-16 21:31:20,149 INFO o.a.j.t.JMeterThread: Thread finished: TG - SPIKE B - cu soc 300 VU 2-191
2026-08-16 21:31:20,150 INFO o.a.j.t.JMeterThread: Thread finished: TG - SPIKE B - cu soc 300 VU 2-108
2026-08-16 21:31:20,151 INFO o.a.j.t.JMeterThread: Thread finished: TG - SPIKE B - cu soc 300 VU 2-240
2026-08-16 21:31:20,152 INFO o.a.j.t.JMeterThread: Thread finished: TG - SPIKE B - cu soc 300 VU 2-248
2026-08-16 21:31:20,152 INFO o.a.j.t.JMeterThread: Thread finished: TG - SPIKE B - cu soc 300 VU 2-163
2026-08-16 21:31:20,153 INFO o.a.j.t.JMeterThread: Thread finished: TG - SPIKE B - cu soc 300 VU 2-241
2026-08-16 21:31:20,154 INFO o.a.j.t.JMeterThread: Thread finished: TG - SPIKE B - cu soc 300 VU 2-166
2026-08-16 21:31:20,154 INFO o.a.j.t.JMeterThread: Thread finished: TG - SPIKE B - cu soc 300 VU 2-293
2026-08-16 21:31:20,155 INFO o.a.j.t.JMeterThread: Thread finished: TG - SPIKE B - cu soc 300 VU 2-273
2026-08-16 21:31:20,156 INFO o.a.j.t.JMeterThread: Thread finished: TG - SPIKE B - cu soc 300 VU 2-52
2026-08-16 21:31:20,157 INFO o.a.j.t.JMeterThread: Thread finished: TG - SPIKE B - cu soc 300 VU 2-292
2026-08-16 21:31:20,158 INFO o.a.j.t.JMeterThread: Thread finished: TG - SPIKE B - cu soc 300 VU 2-169
2026-08-16 21:31:20,159 INFO o.a.j.t.JMeterThread: Thread finished: TG - SPIKE B - cu soc 300 VU 2-96
2026-08-16 21:31:20,160 INFO o.a.j.t.JMeterThread: Thread finished: TG - SPIKE B - cu soc 300 VU 2-120
2026-08-16 21:31:20,160 INFO o.a.j.t.JMeterThread: Thread finished: TG - SPIKE B - cu soc 300 VU 2-213
2026-08-16 21:31:20,161 INFO o.a.j.t.JMeterThread: Thread finished: TG - SPIKE B - cu soc 300 VU 2-140
2026-08-16 21:31:20,164 INFO o.a.j.t.JMeterThread: Thread finished: TG - SPIKE B - cu soc 300 VU 2-282
2026-08-16 21:31:20,165 INFO o.a.j.t.JMeterThread: Thread finished: TG - SPIKE B - cu soc 300 VU 2-173
2026-08-16 21:31:20,167 INFO o.a.j.t.JMeterThread: Thread finished: TG - SPIKE B - cu soc 300 VU 2-97
2026-08-16 21:31:20,168 INFO o.a.j.t.JMeterThread: Thread finished: TG - SPIKE B - cu soc 300 VU 2-254
2026-08-16 21:31:20,168 INFO o.a.j.t.JMeterThread: Thread finished: TG - SPIKE B - cu soc 300 VU 2-161
2026-08-16 21:31:20,170 INFO o.a.j.t.JMeterThread: Stopping because end time detected by thread: TG - SPIKE B - cu soc 300 VU 2-12
2026-08-16 21:31:20,170 INFO o.a.j.t.JMeterThread: Thread finished: TG - SPIKE B - cu soc 300 VU 2-12
2026-08-16 21:31:20,170 INFO o.a.j.t.JMeterThread: Thread finished: TG - SPIKE B - cu soc 300 VU 2-109
2026-08-16 21:31:20,170 INFO o.a.j.t.JMeterThread: Thread finished: TG - SPIKE B - cu soc 300 VU 2-106
2026-08-16 21:31:20,171 INFO o.a.j.t.JMeterThread: Stopping because end time detected by thread: TG - SPIKE B - cu soc 300 VU 2-18
2026-08-16 21:31:20,171 INFO o.a.j.t.JMeterThread: Thread finished: TG - SPIKE B - cu soc 300 VU 2-18
2026-08-16 21:31:20,173 INFO o.a.j.t.JMeterThread: Stopping because end time detected by thread: TG - SPIKE B - cu soc 300 VU 2-1
2026-08-16 21:31:20,173 INFO o.a.j.t.JMeterThread: Thread finished: TG - SPIKE B - cu soc 300 VU 2-1
2026-08-16 21:31:20,173 INFO o.a.j.t.JMeterThread: Stopping because end time detected by thread: TG - SPIKE B - cu soc 300 VU 2-32
2026-08-16 21:31:20,174 INFO o.a.j.t.JMeterThread: Thread finished: TG - SPIKE B - cu soc 300 VU 2-32
2026-08-16 21:31:20,178 INFO o.a.j.t.JMeterThread: Stopping because end time detected by thread: TG - SPIKE B - cu soc 300 VU 2-42
2026-08-16 21:31:20,178 INFO o.a.j.t.JMeterThread: Thread finished: TG - SPIKE B - cu soc 300 VU 2-42
2026-08-16 21:31:20,224 INFO o.a.j.t.JMeterThread: Stopping because end time detected by thread: TG - SPIKE B - cu soc 300 VU 2-37
2026-08-16 21:31:20,224 INFO o.a.j.t.JMeterThread: Thread finished: TG - SPIKE B - cu soc 300 VU 2-37
2026-08-16 21:31:20,228 INFO o.a.j.t.JMeterThread: Stopping because end time detected by thread: TG - SPIKE B - cu soc 300 VU 2-92
2026-08-16 21:31:20,228 INFO o.a.j.t.JMeterThread: Thread finished: TG - SPIKE B - cu soc 300 VU 2-92
2026-08-16 21:31:20,252 INFO o.a.j.t.JMeterThread: Stopping because end time detected by thread: TG - SPIKE B - cu soc 300 VU 2-159
2026-08-16 21:31:20,252 INFO o.a.j.t.JMeterThread: Thread finished: TG - SPIKE B - cu soc 300 VU 2-159
2026-08-16 21:31:20,265 INFO o.a.j.t.JMeterThread: Stopping because end time detected by thread: TG - SPIKE B - cu soc 300 VU 2-263
2026-08-16 21:31:20,265 INFO o.a.j.t.JMeterThread: Thread finished: TG - SPIKE B - cu soc 300 VU 2-263
2026-08-16 21:31:20,272 INFO o.a.j.t.JMeterThread: Stopping because end time detected by thread: TG - SPIKE B - cu soc 300 VU 2-147
2026-08-16 21:31:20,272 INFO o.a.j.t.JMeterThread: Thread finished: TG - SPIKE B - cu soc 300 VU 2-147
2026-08-16 21:31:20,272 INFO o.a.j.t.JMeterThread: Stopping because end time detected by thread: TG - SPIKE B - cu soc 300 VU 2-250
2026-08-16 21:31:20,272 INFO o.a.j.t.JMeterThread: Thread finished: TG - SPIKE B - cu soc 300 VU 2-250
2026-08-16 21:31:20,273 INFO o.a.j.t.JMeterThread: Stopping because end time detected by thread: TG - SPIKE B - cu soc 300 VU 2-170
2026-08-16 21:31:20,273 INFO o.a.j.t.JMeterThread: Thread finished: TG - SPIKE B - cu soc 300 VU 2-170
2026-08-16 21:31:20,273 INFO o.a.j.t.JMeterThread: Stopping because end time detected by thread: TG - SPIKE B - cu soc 300 VU 2-6
2026-08-16 21:31:20,273 INFO o.a.j.t.JMeterThread: Thread finished: TG - SPIKE B - cu soc 300 VU 2-6
2026-08-16 21:31:20,273 INFO o.a.j.t.JMeterThread: Stopping because end time detected by thread: TG - SPIKE B - cu soc 300 VU 2-74
2026-08-16 21:31:20,273 INFO o.a.j.t.JMeterThread: Thread finished: TG - SPIKE B - cu soc 300 VU 2-74
2026-08-16 21:31:20,273 INFO o.a.j.t.JMeterThread: Stopping because end time detected by thread: TG - SPIKE B - cu soc 300 VU 2-14
2026-08-16 21:31:20,273 INFO o.a.j.t.JMeterThread: Thread finished: TG - SPIKE B - cu soc 300 VU 2-14
2026-08-16 21:31:20,275 INFO o.a.j.t.JMeterThread: Stopping because end time detected by thread: TG - SPIKE B - cu soc 300 VU 2-53
2026-08-16 21:31:20,275 INFO o.a.j.t.JMeterThread: Thread finished: TG - SPIKE B - cu soc 300 VU 2-53
2026-08-16 21:31:20,275 INFO o.a.j.t.JMeterThread: Stopping because end time detected by thread: TG - SPIKE B - cu soc 300 VU 2-165
2026-08-16 21:31:20,275 INFO o.a.j.t.JMeterThread: Thread finished: TG - SPIKE B - cu soc 300 VU 2-165
2026-08-16 21:31:20,276 INFO o.a.j.t.JMeterThread: Stopping because end time detected by thread: TG - SPIKE B - cu soc 300 VU 2-39
2026-08-16 21:31:20,276 INFO o.a.j.t.JMeterThread: Thread finished: TG - SPIKE B - cu soc 300 VU 2-39
2026-08-16 21:31:20,276 INFO o.a.j.t.JMeterThread: Stopping because end time detected by thread: TG - SPIKE B - cu soc 300 VU 2-34
2026-08-16 21:31:20,276 INFO o.a.j.t.JMeterThread: Thread finished: TG - SPIKE B - cu soc 300 VU 2-34
2026-08-16 21:31:20,276 INFO o.a.j.t.JMeterThread: Stopping because end time detected by thread: TG - SPIKE B - cu soc 300 VU 2-115
2026-08-16 21:31:20,276 INFO o.a.j.t.JMeterThread: Thread finished: TG - SPIKE B - cu soc 300 VU 2-115
2026-08-16 21:31:20,276 INFO o.a.j.t.JMeterThread: Stopping because end time detected by thread: TG - SPIKE B - cu soc 300 VU 2-272
2026-08-16 21:31:20,276 INFO o.a.j.t.JMeterThread: Thread finished: TG - SPIKE B - cu soc 300 VU 2-272
2026-08-16 21:31:20,277 INFO o.a.j.t.JMeterThread: Stopping because end time detected by thread: TG - SPIKE B - cu soc 300 VU 2-177
2026-08-16 21:31:20,277 INFO o.a.j.t.JMeterThread: Thread finished: TG - SPIKE B - cu soc 300 VU 2-177
2026-08-16 21:31:20,277 INFO o.a.j.t.JMeterThread: Stopping because end time detected by thread: TG - SPIKE B - cu soc 300 VU 2-26
2026-08-16 21:31:20,277 INFO o.a.j.t.JMeterThread: Thread finished: TG - SPIKE B - cu soc 300 VU 2-26
2026-08-16 21:31:20,311 INFO o.a.j.t.JMeterThread: Stopping because end time detected by thread: TG - SPIKE B - cu soc 300 VU 2-283
2026-08-16 21:31:20,311 INFO o.a.j.t.JMeterThread: Thread finished: TG - SPIKE B - cu soc 300 VU 2-283
2026-08-16 21:31:20,318 INFO o.a.j.t.JMeterThread: Stopping because end time detected by thread: TG - SPIKE B - cu soc 300 VU 2-179
2026-08-16 21:31:20,318 INFO o.a.j.t.JMeterThread: Thread finished: TG - SPIKE B - cu soc 300 VU 2-179
2026-08-16 21:31:20,332 INFO o.a.j.t.JMeterThread: Stopping because end time detected by thread: TG - SPIKE B - cu soc 300 VU 2-180
2026-08-16 21:31:20,332 INFO o.a.j.t.JMeterThread: Thread finished: TG - SPIKE B - cu soc 300 VU 2-180
2026-08-16 21:31:20,356 INFO o.a.j.t.JMeterThread: Stopping because end time detected by thread: TG - SPIKE B - cu soc 300 VU 2-277
2026-08-16 21:31:20,356 INFO o.a.j.t.JMeterThread: Thread finished: TG - SPIKE B - cu soc 300 VU 2-277
2026-08-16 21:31:20,357 INFO o.a.j.t.JMeterThread: Stopping because end time detected by thread: TG - SPIKE B - cu soc 300 VU 2-43
2026-08-16 21:31:20,357 INFO o.a.j.t.JMeterThread: Thread finished: TG - SPIKE B - cu soc 300 VU 2-43
2026-08-16 21:31:20,357 INFO o.a.j.t.JMeterThread: Stopping because end time detected by thread: TG - SPIKE B - cu soc 300 VU 2-30
2026-08-16 21:31:20,357 INFO o.a.j.t.JMeterThread: Thread finished: TG - SPIKE B - cu soc 300 VU 2-30
2026-08-16 21:31:20,359 INFO o.a.j.t.JMeterThread: Stopping because end time detected by thread: TG - SPIKE B - cu soc 300 VU 2-4
2026-08-16 21:31:20,359 INFO o.a.j.t.JMeterThread: Thread finished: TG - SPIKE B - cu soc 300 VU 2-4
2026-08-16 21:31:20,359 INFO o.a.j.t.JMeterThread: Stopping because end time detected by thread: TG - SPIKE B - cu soc 300 VU 2-56
2026-08-16 21:31:20,359 INFO o.a.j.t.JMeterThread: Thread finished: TG - SPIKE B - cu soc 300 VU 2-56
2026-08-16 21:31:20,360 INFO o.a.j.t.JMeterThread: Stopping because end time detected by thread: TG - SPIKE B - cu soc 300 VU 2-270
2026-08-16 21:31:20,361 INFO o.a.j.t.JMeterThread: Thread finished: TG - SPIKE B - cu soc 300 VU 2-270
2026-08-16 21:31:20,362 INFO o.a.j.t.JMeterThread: Stopping because end time detected by thread: TG - SPIKE B - cu soc 300 VU 2-134
2026-08-16 21:31:20,362 INFO o.a.j.t.JMeterThread: Thread finished: TG - SPIKE B - cu soc 300 VU 2-134
2026-08-16 21:31:20,363 INFO o.a.j.t.JMeterThread: Stopping because end time detected by thread: TG - SPIKE B - cu soc 300 VU 2-209
2026-08-16 21:31:20,363 INFO o.a.j.t.JMeterThread: Thread finished: TG - SPIKE B - cu soc 300 VU 2-209
2026-08-16 21:31:20,364 INFO o.a.j.t.JMeterThread: Stopping because end time detected by thread: TG - SPIKE B - cu soc 300 VU 2-216
2026-08-16 21:31:20,364 INFO o.a.j.t.JMeterThread: Thread finished: TG - SPIKE B - cu soc 300 VU 2-216
2026-08-16 21:31:20,365 INFO o.a.j.t.JMeterThread: Stopping because end time detected by thread: TG - SPIKE B - cu soc 300 VU 2-133
2026-08-16 21:31:20,365 INFO o.a.j.t.JMeterThread: Thread finished: TG - SPIKE B - cu soc 300 VU 2-133
2026-08-16 21:31:20,366 INFO o.a.j.t.JMeterThread: Stopping because end time detected by thread: TG - SPIKE B - cu soc 300 VU 2-245
2026-08-16 21:31:20,366 INFO o.a.j.t.JMeterThread: Thread finished: TG - SPIKE B - cu soc 300 VU 2-245
2026-08-16 21:31:20,368 INFO o.a.j.t.JMeterThread: Stopping because end time detected by thread: TG - SPIKE B - cu soc 300 VU 2-225
2026-08-16 21:31:20,368 INFO o.a.j.t.JMeterThread: Thread finished: TG - SPIKE B - cu soc 300 VU 2-225
2026-08-16 21:31:20,368 INFO o.a.j.t.JMeterThread: Stopping because end time detected by thread: TG - SPIKE B - cu soc 300 VU 2-93
2026-08-16 21:31:20,368 INFO o.a.j.t.JMeterThread: Thread finished: TG - SPIKE B - cu soc 300 VU 2-93
2026-08-16 21:31:20,369 INFO o.a.j.t.JMeterThread: Stopping because end time detected by thread: TG - SPIKE B - cu soc 300 VU 2-268
2026-08-16 21:31:20,369 INFO o.a.j.t.JMeterThread: Thread finished: TG - SPIKE B - cu soc 300 VU 2-268
2026-08-16 21:31:20,369 INFO o.a.j.t.JMeterThread: Stopping because end time detected by thread: TG - SPIKE B - cu soc 300 VU 2-158
2026-08-16 21:31:20,370 INFO o.a.j.t.JMeterThread: Thread finished: TG - SPIKE B - cu soc 300 VU 2-158
2026-08-16 21:31:20,372 INFO o.a.j.t.JMeterThread: Stopping because end time detected by thread: TG - SPIKE B - cu soc 300 VU 2-219
2026-08-16 21:31:20,372 INFO o.a.j.t.JMeterThread: Thread finished: TG - SPIKE B - cu soc 300 VU 2-219
2026-08-16 21:31:20,372 INFO o.a.j.t.JMeterThread: Stopping because end time detected by thread: TG - SPIKE B - cu soc 300 VU 2-25
2026-08-16 21:31:20,372 INFO o.a.j.t.JMeterThread: Thread finished: TG - SPIKE B - cu soc 300 VU 2-25
2026-08-16 21:31:20,374 INFO o.a.j.t.JMeterThread: Stopping because end time detected by thread: TG - SPIKE B - cu soc 300 VU 2-13
2026-08-16 21:31:20,374 INFO o.a.j.t.JMeterThread: Thread finished: TG - SPIKE B - cu soc 300 VU 2-13
2026-08-16 21:31:20,376 INFO o.a.j.t.JMeterThread: Stopping because end time detected by thread: TG - SPIKE B - cu soc 300 VU 2-211
2026-08-16 21:31:20,376 INFO o.a.j.t.JMeterThread: Thread finished: TG - SPIKE B - cu soc 300 VU 2-211
2026-08-16 21:31:20,377 INFO o.a.j.t.JMeterThread: Stopping because end time detected by thread: TG - SPIKE B - cu soc 300 VU 2-19
2026-08-16 21:31:20,377 INFO o.a.j.t.JMeterThread: Thread finished: TG - SPIKE B - cu soc 300 VU 2-19
2026-08-16 21:31:20,377 INFO o.a.j.t.JMeterThread: Stopping because end time detected by thread: TG - SPIKE B - cu soc 300 VU 2-189
2026-08-16 21:31:20,377 INFO o.a.j.t.JMeterThread: Thread finished: TG - SPIKE B - cu soc 300 VU 2-189
2026-08-16 21:31:20,380 INFO o.a.j.t.JMeterThread: Stopping because end time detected by thread: TG - SPIKE B - cu soc 300 VU 2-202
2026-08-16 21:31:20,380 INFO o.a.j.t.JMeterThread: Thread finished: TG - SPIKE B - cu soc 300 VU 2-202
2026-08-16 21:31:20,381 INFO o.a.j.t.JMeterThread: Stopping because end time detected by thread: TG - SPIKE B - cu soc 300 VU 2-105
2026-08-16 21:31:20,381 INFO o.a.j.t.JMeterThread: Thread finished: TG - SPIKE B - cu soc 300 VU 2-105
2026-08-16 21:31:20,381 INFO o.a.j.t.JMeterThread: Stopping because end time detected by thread: TG - SPIKE B - cu soc 300 VU 2-27
2026-08-16 21:31:20,381 INFO o.a.j.t.JMeterThread: Thread finished: TG - SPIKE B - cu soc 300 VU 2-27
2026-08-16 21:31:20,382 INFO o.a.j.t.JMeterThread: Stopping because end time detected by thread: TG - SPIKE B - cu soc 300 VU 2-68
2026-08-16 21:31:20,382 INFO o.a.j.t.JMeterThread: Thread finished: TG - SPIKE B - cu soc 300 VU 2-68
2026-08-16 21:31:20,382 INFO o.a.j.t.JMeterThread: Stopping because end time detected by thread: TG - SPIKE B - cu soc 300 VU 2-274
2026-08-16 21:31:20,382 INFO o.a.j.t.JMeterThread: Thread finished: TG - SPIKE B - cu soc 300 VU 2-274
2026-08-16 21:31:20,382 INFO o.a.j.t.JMeterThread: Stopping because end time detected by thread: TG - SPIKE B - cu soc 300 VU 2-102
2026-08-16 21:31:20,382 INFO o.a.j.t.JMeterThread: Thread finished: TG - SPIKE B - cu soc 300 VU 2-102
2026-08-16 21:31:20,383 INFO o.a.j.t.JMeterThread: Stopping because end time detected by thread: TG - SPIKE B - cu soc 300 VU 2-73
2026-08-16 21:31:20,383 INFO o.a.j.t.JMeterThread: Thread finished: TG - SPIKE B - cu soc 300 VU 2-73
2026-08-16 21:31:20,383 INFO o.a.j.t.JMeterThread: Stopping because end time detected by thread: TG - SPIKE B - cu soc 300 VU 2-20
2026-08-16 21:31:20,383 INFO o.a.j.t.JMeterThread: Thread finished: TG - SPIKE B - cu soc 300 VU 2-20
2026-08-16 21:31:20,385 INFO o.a.j.t.JMeterThread: Stopping because end time detected by thread: TG - SPIKE B - cu soc 300 VU 2-15
2026-08-16 21:31:20,385 INFO o.a.j.t.JMeterThread: Thread finished: TG - SPIKE B - cu soc 300 VU 2-15
2026-08-16 21:31:20,385 INFO o.a.j.t.JMeterThread: Stopping because end time detected by thread: TG - SPIKE B - cu soc 300 VU 2-36
2026-08-16 21:31:20,385 INFO o.a.j.t.JMeterThread: Thread finished: TG - SPIKE B - cu soc 300 VU 2-36
2026-08-16 21:31:20,385 INFO o.a.j.t.JMeterThread: Stopping because end time detected by thread: TG - SPIKE B - cu soc 300 VU 2-194
2026-08-16 21:31:20,385 INFO o.a.j.t.JMeterThread: Thread finished: TG - SPIKE B - cu soc 300 VU 2-194
2026-08-16 21:31:20,385 INFO o.a.j.t.JMeterThread: Stopping because end time detected by thread: TG - SPIKE B - cu soc 300 VU 2-164
2026-08-16 21:31:20,385 INFO o.a.j.t.JMeterThread: Thread finished: TG - SPIKE B - cu soc 300 VU 2-164
2026-08-16 21:31:20,385 INFO o.a.j.t.JMeterThread: Stopping because end time detected by thread: TG - SPIKE B - cu soc 300 VU 2-298
2026-08-16 21:31:20,385 INFO o.a.j.t.JMeterThread: Thread finished: TG - SPIKE B - cu soc 300 VU 2-298
2026-08-16 21:31:20,385 INFO o.a.j.t.JMeterThread: Stopping because end time detected by thread: TG - SPIKE B - cu soc 300 VU 2-33
2026-08-16 21:31:20,385 INFO o.a.j.t.JMeterThread: Thread finished: TG - SPIKE B - cu soc 300 VU 2-33
2026-08-16 21:31:20,385 INFO o.a.j.t.JMeterThread: Stopping because end time detected by thread: TG - SPIKE B - cu soc 300 VU 2-7
2026-08-16 21:31:20,385 INFO o.a.j.t.JMeterThread: Thread finished: TG - SPIKE B - cu soc 300 VU 2-7
2026-08-16 21:31:20,385 INFO o.a.j.t.JMeterThread: Stopping because end time detected by thread: TG - SPIKE B - cu soc 300 VU 2-126
2026-08-16 21:31:20,385 INFO o.a.j.t.JMeterThread: Thread finished: TG - SPIKE B - cu soc 300 VU 2-126
2026-08-16 21:31:20,385 INFO o.a.j.t.JMeterThread: Stopping because end time detected by thread: TG - SPIKE B - cu soc 300 VU 2-229
2026-08-16 21:31:20,385 INFO o.a.j.t.JMeterThread: Thread finished: TG - SPIKE B - cu soc 300 VU 2-229
2026-08-16 21:31:20,387 INFO o.a.j.t.JMeterThread: Stopping because end time detected by thread: TG - SPIKE B - cu soc 300 VU 2-167
2026-08-16 21:31:20,387 INFO o.a.j.t.JMeterThread: Thread finished: TG - SPIKE B - cu soc 300 VU 2-167
2026-08-16 21:31:20,387 INFO o.a.j.t.JMeterThread: Stopping because end time detected by thread: TG - SPIKE B - cu soc 300 VU 2-130
2026-08-16 21:31:20,387 INFO o.a.j.t.JMeterThread: Thread finished: TG - SPIKE B - cu soc 300 VU 2-130
2026-08-16 21:31:20,387 INFO o.a.j.t.JMeterThread: Stopping because end time detected by thread: TG - SPIKE B - cu soc 300 VU 2-291
2026-08-16 21:31:20,387 INFO o.a.j.t.JMeterThread: Thread finished: TG - SPIKE B - cu soc 300 VU 2-291
2026-08-16 21:31:20,387 INFO o.a.j.t.JMeterThread: Stopping because end time detected by thread: TG - SPIKE B - cu soc 300 VU 2-75
2026-08-16 21:31:20,387 INFO o.a.j.t.JMeterThread: Thread finished: TG - SPIKE B - cu soc 300 VU 2-75
2026-08-16 21:31:20,387 INFO o.a.j.t.JMeterThread: Stopping because end time detected by thread: TG - SPIKE B - cu soc 300 VU 2-276
2026-08-16 21:31:20,387 INFO o.a.j.t.JMeterThread: Thread finished: TG - SPIKE B - cu soc 300 VU 2-276
2026-08-16 21:31:20,388 INFO o.a.j.t.JMeterThread: Stopping because end time detected by thread: TG - SPIKE B - cu soc 300 VU 2-262
2026-08-16 21:31:20,388 INFO o.a.j.t.JMeterThread: Thread finished: TG - SPIKE B - cu soc 300 VU 2-262
2026-08-16 21:31:20,388 INFO o.a.j.t.JMeterThread: Stopping because end time detected by thread: TG - SPIKE B - cu soc 300 VU 2-11
2026-08-16 21:31:20,388 INFO o.a.j.t.JMeterThread: Thread finished: TG - SPIKE B - cu soc 300 VU 2-11
2026-08-16 21:31:20,389 INFO o.a.j.t.JMeterThread: Stopping because end time detected by thread: TG - SPIKE B - cu soc 300 VU 2-146
2026-08-16 21:31:20,389 INFO o.a.j.t.JMeterThread: Thread finished: TG - SPIKE B - cu soc 300 VU 2-146
2026-08-16 21:31:20,389 INFO o.a.j.t.JMeterThread: Stopping because end time detected by thread: TG - SPIKE B - cu soc 300 VU 2-78
2026-08-16 21:31:20,389 INFO o.a.j.t.JMeterThread: Thread finished: TG - SPIKE B - cu soc 300 VU 2-78
2026-08-16 21:31:20,390 INFO o.a.j.t.JMeterThread: Stopping because end time detected by thread: TG - SPIKE B - cu soc 300 VU 2-155
2026-08-16 21:31:20,390 INFO o.a.j.t.JMeterThread: Thread finished: TG - SPIKE B - cu soc 300 VU 2-155
2026-08-16 21:31:20,391 INFO o.a.j.t.JMeterThread: Stopping because end time detected by thread: TG - SPIKE B - cu soc 300 VU 2-246
2026-08-16 21:31:20,391 INFO o.a.j.t.JMeterThread: Thread finished: TG - SPIKE B - cu soc 300 VU 2-246
2026-08-16 21:31:20,392 INFO o.a.j.t.JMeterThread: Stopping because end time detected by thread: TG - SPIKE B - cu soc 300 VU 2-218
2026-08-16 21:31:20,392 INFO o.a.j.t.JMeterThread: Thread finished: TG - SPIKE B - cu soc 300 VU 2-218
2026-08-16 21:31:20,393 INFO o.a.j.t.JMeterThread: Stopping because end time detected by thread: TG - SPIKE B - cu soc 300 VU 2-9
2026-08-16 21:31:20,393 INFO o.a.j.t.JMeterThread: Thread finished: TG - SPIKE B - cu soc 300 VU 2-9
2026-08-16 21:31:20,394 INFO o.a.j.t.JMeterThread: Stopping because end time detected by thread: TG - SPIKE B - cu soc 300 VU 2-81
2026-08-16 21:31:20,394 INFO o.a.j.t.JMeterThread: Thread finished: TG - SPIKE B - cu soc 300 VU 2-81
2026-08-16 21:31:20,395 INFO o.a.j.t.JMeterThread: Stopping because end time detected by thread: TG - SPIKE B - cu soc 300 VU 2-221
2026-08-16 21:31:20,395 INFO o.a.j.t.JMeterThread: Thread finished: TG - SPIKE B - cu soc 300 VU 2-221
2026-08-16 21:31:20,396 INFO o.a.j.t.JMeterThread: Stopping because end time detected by thread: TG - SPIKE B - cu soc 300 VU 2-45
2026-08-16 21:31:20,396 INFO o.a.j.t.JMeterThread: Thread finished: TG - SPIKE B - cu soc 300 VU 2-45
2026-08-16 21:31:20,397 INFO o.a.j.t.JMeterThread: Stopping because end time detected by thread: TG - SPIKE B - cu soc 300 VU 2-103
2026-08-16 21:31:20,398 INFO o.a.j.t.JMeterThread: Thread finished: TG - SPIKE B - cu soc 300 VU 2-103
2026-08-16 21:31:20,399 INFO o.a.j.t.JMeterThread: Stopping because end time detected by thread: TG - SPIKE B - cu soc 300 VU 2-132
2026-08-16 21:31:20,399 INFO o.a.j.t.JMeterThread: Thread finished: TG - SPIKE B - cu soc 300 VU 2-132
2026-08-16 21:31:20,401 INFO o.a.j.t.JMeterThread: Stopping because end time detected by thread: TG - SPIKE B - cu soc 300 VU 2-297
2026-08-16 21:31:20,402 INFO o.a.j.t.JMeterThread: Thread finished: TG - SPIKE B - cu soc 300 VU 2-297
2026-08-16 21:31:20,403 INFO o.a.j.t.JMeterThread: Stopping because end time detected by thread: TG - SPIKE B - cu soc 300 VU 2-257
2026-08-16 21:31:20,403 INFO o.a.j.t.JMeterThread: Thread finished: TG - SPIKE B - cu soc 300 VU 2-257
2026-08-16 21:31:20,404 INFO o.a.j.t.JMeterThread: Stopping because end time detected by thread: TG - SPIKE B - cu soc 300 VU 2-244
2026-08-16 21:31:20,404 INFO o.a.j.t.JMeterThread: Thread finished: TG - SPIKE B - cu soc 300 VU 2-244
2026-08-16 21:31:20,405 INFO o.a.j.t.JMeterThread: Stopping because end time detected by thread: TG - SPIKE B - cu soc 300 VU 2-141
2026-08-16 21:31:20,405 INFO o.a.j.t.JMeterThread: Thread finished: TG - SPIKE B - cu soc 300 VU 2-141
2026-08-16 21:31:20,406 INFO o.a.j.t.JMeterThread: Stopping because end time detected by thread: TG - SPIKE B - cu soc 300 VU 2-62
2026-08-16 21:31:20,406 INFO o.a.j.t.JMeterThread: Thread finished: TG - SPIKE B - cu soc 300 VU 2-62
2026-08-16 21:31:20,407 INFO o.a.j.t.JMeterThread: Stopping because end time detected by thread: TG - SPIKE B - cu soc 300 VU 2-123
2026-08-16 21:31:20,407 INFO o.a.j.t.JMeterThread: Thread finished: TG - SPIKE B - cu soc 300 VU 2-123
2026-08-16 21:31:20,408 INFO o.a.j.t.JMeterThread: Stopping because end time detected by thread: TG - SPIKE B - cu soc 300 VU 2-198
2026-08-16 21:31:20,408 INFO o.a.j.t.JMeterThread: Thread finished: TG - SPIKE B - cu soc 300 VU 2-198
2026-08-16 21:31:20,408 INFO o.a.j.t.JMeterThread: Stopping because end time detected by thread: TG - SPIKE B - cu soc 300 VU 2-111
2026-08-16 21:31:20,408 INFO o.a.j.t.JMeterThread: Thread finished: TG - SPIKE B - cu soc 300 VU 2-111
2026-08-16 21:31:20,409 INFO o.a.j.t.JMeterThread: Stopping because end time detected by thread: TG - SPIKE B - cu soc 300 VU 2-185
2026-08-16 21:31:20,409 INFO o.a.j.t.JMeterThread: Thread finished: TG - SPIKE B - cu soc 300 VU 2-185
2026-08-16 21:31:20,409 INFO o.a.j.t.JMeterThread: Stopping because end time detected by thread: TG - SPIKE B - cu soc 300 VU 2-77
2026-08-16 21:31:20,409 INFO o.a.j.t.JMeterThread: Thread finished: TG - SPIKE B - cu soc 300 VU 2-77
2026-08-16 21:31:20,410 INFO o.a.j.t.JMeterThread: Stopping because end time detected by thread: TG - SPIKE B - cu soc 300 VU 2-236
2026-08-16 21:31:20,410 INFO o.a.j.t.JMeterThread: Thread finished: TG - SPIKE B - cu soc 300 VU 2-236
2026-08-16 21:31:20,410 INFO o.a.j.t.JMeterThread: Stopping because end time detected by thread: TG - SPIKE B - cu soc 300 VU 2-136
2026-08-16 21:31:20,410 INFO o.a.j.t.JMeterThread: Thread finished: TG - SPIKE B - cu soc 300 VU 2-136
2026-08-16 21:31:20,411 INFO o.a.j.t.JMeterThread: Stopping because end time detected by thread: TG - SPIKE B - cu soc 300 VU 2-232
2026-08-16 21:31:20,411 INFO o.a.j.t.JMeterThread: Thread finished: TG - SPIKE B - cu soc 300 VU 2-232
2026-08-16 21:31:20,411 INFO o.a.j.t.JMeterThread: Stopping because end time detected by thread: TG - SPIKE B - cu soc 300 VU 2-122
2026-08-16 21:31:20,411 INFO o.a.j.t.JMeterThread: Thread finished: TG - SPIKE B - cu soc 300 VU 2-122
2026-08-16 21:31:20,411 INFO o.a.j.t.JMeterThread: Stopping because end time detected by thread: TG - SPIKE B - cu soc 300 VU 2-143
2026-08-16 21:31:20,411 INFO o.a.j.t.JMeterThread: Thread finished: TG - SPIKE B - cu soc 300 VU 2-143
2026-08-16 21:31:20,411 INFO o.a.j.t.JMeterThread: Stopping because end time detected by thread: TG - SPIKE B - cu soc 300 VU 2-142
2026-08-16 21:31:20,411 INFO o.a.j.t.JMeterThread: Thread finished: TG - SPIKE B - cu soc 300 VU 2-142
2026-08-16 21:31:20,412 INFO o.a.j.t.JMeterThread: Stopping because end time detected by thread: TG - SPIKE B - cu soc 300 VU 2-231
2026-08-16 21:31:20,412 INFO o.a.j.t.JMeterThread: Thread finished: TG - SPIKE B - cu soc 300 VU 2-231
2026-08-16 21:31:20,413 INFO o.a.j.t.JMeterThread: Stopping because end time detected by thread: TG - SPIKE B - cu soc 300 VU 2-82
2026-08-16 21:31:20,413 INFO o.a.j.t.JMeterThread: Thread finished: TG - SPIKE B - cu soc 300 VU 2-82
2026-08-16 21:31:20,414 INFO o.a.j.t.JMeterThread: Stopping because end time detected by thread: TG - SPIKE B - cu soc 300 VU 2-113
2026-08-16 21:31:20,414 INFO o.a.j.t.JMeterThread: Thread finished: TG - SPIKE B - cu soc 300 VU 2-113
2026-08-16 21:31:20,415 INFO o.a.j.t.JMeterThread: Stopping because end time detected by thread: TG - SPIKE B - cu soc 300 VU 2-264
2026-08-16 21:31:20,415 INFO o.a.j.t.JMeterThread: Thread finished: TG - SPIKE B - cu soc 300 VU 2-264
2026-08-16 21:31:20,416 INFO o.a.j.t.JMeterThread: Stopping because end time detected by thread: TG - SPIKE B - cu soc 300 VU 2-162
2026-08-16 21:31:20,416 INFO o.a.j.t.JMeterThread: Thread finished: TG - SPIKE B - cu soc 300 VU 2-162
2026-08-16 21:31:20,417 INFO o.a.j.t.JMeterThread: Stopping because end time detected by thread: TG - SPIKE B - cu soc 300 VU 2-275
2026-08-16 21:31:20,417 INFO o.a.j.t.JMeterThread: Thread finished: TG - SPIKE B - cu soc 300 VU 2-275
2026-08-16 21:31:20,418 INFO o.a.j.t.JMeterThread: Stopping because end time detected by thread: TG - SPIKE B - cu soc 300 VU 2-197
2026-08-16 21:31:20,418 INFO o.a.j.t.JMeterThread: Thread finished: TG - SPIKE B - cu soc 300 VU 2-197
2026-08-16 21:31:20,469 INFO o.a.j.t.JMeterThread: Stopping because end time detected by thread: TG - SPIKE B - cu soc 300 VU 2-144
2026-08-16 21:31:20,470 INFO o.a.j.t.JMeterThread: Thread finished: TG - SPIKE B - cu soc 300 VU 2-144
2026-08-16 21:31:20,481 INFO o.a.j.t.JMeterThread: Stopping because end time detected by thread: TG - SPIKE B - cu soc 300 VU 2-300
2026-08-16 21:31:20,481 INFO o.a.j.t.JMeterThread: Thread finished: TG - SPIKE B - cu soc 300 VU 2-300
2026-08-16 21:31:20,503 INFO o.a.j.t.JMeterThread: Stopping because end time detected by thread: TG - SPIKE B - cu soc 300 VU 2-110
2026-08-16 21:31:20,503 INFO o.a.j.t.JMeterThread: Thread finished: TG - SPIKE B - cu soc 300 VU 2-110
2026-08-16 21:31:20,503 INFO o.a.j.t.JMeterThread: Stopping because end time detected by thread: TG - SPIKE B - cu soc 300 VU 2-279
2026-08-16 21:31:20,503 INFO o.a.j.t.JMeterThread: Thread finished: TG - SPIKE B - cu soc 300 VU 2-279
2026-08-16 21:31:20,504 INFO o.a.j.t.JMeterThread: Stopping because end time detected by thread: TG - SPIKE B - cu soc 300 VU 2-2
2026-08-16 21:31:20,504 INFO o.a.j.t.JMeterThread: Thread finished: TG - SPIKE B - cu soc 300 VU 2-2
2026-08-16 21:31:20,504 INFO o.a.j.t.JMeterThread: Stopping because end time detected by thread: TG - SPIKE B - cu soc 300 VU 2-59
2026-08-16 21:31:20,504 INFO o.a.j.t.JMeterThread: Thread finished: TG - SPIKE B - cu soc 300 VU 2-59
2026-08-16 21:31:20,505 INFO o.a.j.t.JMeterThread: Stopping because end time detected by thread: TG - SPIKE B - cu soc 300 VU 2-290
2026-08-16 21:31:20,505 INFO o.a.j.t.JMeterThread: Thread finished: TG - SPIKE B - cu soc 300 VU 2-290
2026-08-16 21:31:20,505 INFO o.a.j.t.JMeterThread: Stopping because end time detected by thread: TG - SPIKE B - cu soc 300 VU 2-71
2026-08-16 21:31:20,505 INFO o.a.j.t.JMeterThread: Thread finished: TG - SPIKE B - cu soc 300 VU 2-71
2026-08-16 21:31:20,505 INFO o.a.j.t.JMeterThread: Stopping because end time detected by thread: TG - SPIKE B - cu soc 300 VU 2-188
2026-08-16 21:31:20,505 INFO o.a.j.t.JMeterThread: Thread finished: TG - SPIKE B - cu soc 300 VU 2-188
2026-08-16 21:31:20,506 INFO o.a.j.t.JMeterThread: Stopping because end time detected by thread: TG - SPIKE B - cu soc 300 VU 2-63
2026-08-16 21:31:20,506 INFO o.a.j.t.JMeterThread: Thread finished: TG - SPIKE B - cu soc 300 VU 2-63
2026-08-16 21:31:20,506 INFO o.a.j.t.JMeterThread: Stopping because end time detected by thread: TG - SPIKE B - cu soc 300 VU 2-207
2026-08-16 21:31:20,506 INFO o.a.j.t.JMeterThread: Thread finished: TG - SPIKE B - cu soc 300 VU 2-207
2026-08-16 21:31:20,507 INFO o.a.j.t.JMeterThread: Stopping because end time detected by thread: TG - SPIKE B - cu soc 300 VU 2-117
2026-08-16 21:31:20,507 INFO o.a.j.t.JMeterThread: Thread finished: TG - SPIKE B - cu soc 300 VU 2-117
2026-08-16 21:31:20,507 INFO o.a.j.t.JMeterThread: Stopping because end time detected by thread: TG - SPIKE B - cu soc 300 VU 2-50
2026-08-16 21:31:20,507 INFO o.a.j.t.JMeterThread: Thread finished: TG - SPIKE B - cu soc 300 VU 2-50
2026-08-16 21:31:20,507 INFO o.a.j.t.JMeterThread: Stopping because end time detected by thread: TG - SPIKE B - cu soc 300 VU 2-38
2026-08-16 21:31:20,507 INFO o.a.j.t.JMeterThread: Thread finished: TG - SPIKE B - cu soc 300 VU 2-38
2026-08-16 21:31:20,507 INFO o.a.j.t.JMeterThread: Stopping because end time detected by thread: TG - SPIKE B - cu soc 300 VU 2-60
2026-08-16 21:31:20,508 INFO o.a.j.t.JMeterThread: Thread finished: TG - SPIKE B - cu soc 300 VU 2-60
2026-08-16 21:31:20,508 INFO o.a.j.t.JMeterThread: Stopping because end time detected by thread: TG - SPIKE B - cu soc 300 VU 2-271
2026-08-16 21:31:20,508 INFO o.a.j.t.JMeterThread: Thread finished: TG - SPIKE B - cu soc 300 VU 2-271
2026-08-16 21:31:20,509 INFO o.a.j.t.JMeterThread: Stopping because end time detected by thread: TG - SPIKE B - cu soc 300 VU 2-296
2026-08-16 21:31:20,509 INFO o.a.j.t.JMeterThread: Thread finished: TG - SPIKE B - cu soc 300 VU 2-296
2026-08-16 21:31:20,509 INFO o.a.j.t.JMeterThread: Stopping because end time detected by thread: TG - SPIKE B - cu soc 300 VU 2-215
2026-08-16 21:31:20,509 INFO o.a.j.t.JMeterThread: Thread finished: TG - SPIKE B - cu soc 300 VU 2-215
2026-08-16 21:31:20,509 INFO o.a.j.t.JMeterThread: Stopping because end time detected by thread: TG - SPIKE B - cu soc 300 VU 2-10
2026-08-16 21:31:20,509 INFO o.a.j.t.JMeterThread: Thread finished: TG - SPIKE B - cu soc 300 VU 2-10
2026-08-16 21:31:20,510 INFO o.a.j.t.JMeterThread: Stopping because end time detected by thread: TG - SPIKE B - cu soc 300 VU 2-251
2026-08-16 21:31:20,510 INFO o.a.j.t.JMeterThread: Thread finished: TG - SPIKE B - cu soc 300 VU 2-251
2026-08-16 21:31:20,510 INFO o.a.j.t.JMeterThread: Stopping because end time detected by thread: TG - SPIKE B - cu soc 300 VU 2-61
2026-08-16 21:31:20,510 INFO o.a.j.t.JMeterThread: Thread finished: TG - SPIKE B - cu soc 300 VU 2-61
2026-08-16 21:31:20,512 INFO o.a.j.t.JMeterThread: Stopping because end time detected by thread: TG - SPIKE B - cu soc 300 VU 2-48
2026-08-16 21:31:20,512 INFO o.a.j.t.JMeterThread: Thread finished: TG - SPIKE B - cu soc 300 VU 2-48
2026-08-16 21:31:20,512 INFO o.a.j.t.JMeterThread: Stopping because end time detected by thread: TG - SPIKE B - cu soc 300 VU 2-41
2026-08-16 21:31:20,512 INFO o.a.j.t.JMeterThread: Thread finished: TG - SPIKE B - cu soc 300 VU 2-41
2026-08-16 21:31:20,513 INFO o.a.j.t.JMeterThread: Stopping because end time detected by thread: TG - SPIKE B - cu soc 300 VU 2-40
2026-08-16 21:31:20,513 INFO o.a.j.t.JMeterThread: Thread finished: TG - SPIKE B - cu soc 300 VU 2-40
2026-08-16 21:31:20,514 INFO o.a.j.t.JMeterThread: Stopping because end time detected by thread: TG - SPIKE B - cu soc 300 VU 2-107
2026-08-16 21:31:20,514 INFO o.a.j.t.JMeterThread: Thread finished: TG - SPIKE B - cu soc 300 VU 2-107
2026-08-16 21:31:20,515 INFO o.a.j.t.JMeterThread: Stopping because end time detected by thread: TG - SPIKE B - cu soc 300 VU 2-129
2026-08-16 21:31:20,515 INFO o.a.j.t.JMeterThread: Thread finished: TG - SPIKE B - cu soc 300 VU 2-129
2026-08-16 21:31:20,516 INFO o.a.j.t.JMeterThread: Stopping because end time detected by thread: TG - SPIKE B - cu soc 300 VU 2-295
2026-08-16 21:31:20,516 INFO o.a.j.t.JMeterThread: Thread finished: TG - SPIKE B - cu soc 300 VU 2-295
2026-08-16 21:31:20,516 INFO o.a.j.t.JMeterThread: Stopping because end time detected by thread: TG - SPIKE B - cu soc 300 VU 2-156
2026-08-16 21:31:20,516 INFO o.a.j.t.JMeterThread: Thread finished: TG - SPIKE B - cu soc 300 VU 2-156
2026-08-16 21:31:20,519 INFO o.a.j.t.JMeterThread: Stopping because end time detected by thread: TG - SPIKE B - cu soc 300 VU 2-76
2026-08-16 21:31:20,519 INFO o.a.j.t.JMeterThread: Thread finished: TG - SPIKE B - cu soc 300 VU 2-76
2026-08-16 21:31:20,520 INFO o.a.j.t.JMeterThread: Stopping because end time detected by thread: TG - SPIKE B - cu soc 300 VU 2-203
2026-08-16 21:31:20,520 INFO o.a.j.t.JMeterThread: Thread finished: TG - SPIKE B - cu soc 300 VU 2-203
2026-08-16 21:31:20,522 INFO o.a.j.t.JMeterThread: Stopping because end time detected by thread: TG - SPIKE B - cu soc 300 VU 2-79
2026-08-16 21:31:20,522 INFO o.a.j.t.JMeterThread: Thread finished: TG - SPIKE B - cu soc 300 VU 2-79
2026-08-16 21:31:20,523 INFO o.a.j.t.JMeterThread: Stopping because end time detected by thread: TG - SPIKE B - cu soc 300 VU 2-205
2026-08-16 21:31:20,523 INFO o.a.j.t.JMeterThread: Thread finished: TG - SPIKE B - cu soc 300 VU 2-205
2026-08-16 21:31:20,524 INFO o.a.j.t.JMeterThread: Stopping because end time detected by thread: TG - SPIKE B - cu soc 300 VU 2-186
2026-08-16 21:31:20,524 INFO o.a.j.t.JMeterThread: Thread finished: TG - SPIKE B - cu soc 300 VU 2-186
2026-08-16 21:31:20,524 INFO o.a.j.t.JMeterThread: Stopping because end time detected by thread: TG - SPIKE B - cu soc 300 VU 2-135
2026-08-16 21:31:20,524 INFO o.a.j.t.JMeterThread: Thread finished: TG - SPIKE B - cu soc 300 VU 2-135
2026-08-16 21:31:20,525 INFO o.a.j.t.JMeterThread: Stopping because end time detected by thread: TG - SPIKE B - cu soc 300 VU 2-51
2026-08-16 21:31:20,525 INFO o.a.j.t.JMeterThread: Thread finished: TG - SPIKE B - cu soc 300 VU 2-51
2026-08-16 21:31:20,527 INFO o.a.j.t.JMeterThread: Stopping because end time detected by thread: TG - SPIKE B - cu soc 300 VU 2-154
2026-08-16 21:31:20,527 INFO o.a.j.t.JMeterThread: Thread finished: TG - SPIKE B - cu soc 300 VU 2-154
2026-08-16 21:31:20,530 INFO o.a.j.t.JMeterThread: Stopping because end time detected by thread: TG - SPIKE B - cu soc 300 VU 2-226
2026-08-16 21:31:20,530 INFO o.a.j.t.JMeterThread: Thread finished: TG - SPIKE B - cu soc 300 VU 2-226
2026-08-16 21:31:20,532 INFO o.a.j.t.JMeterThread: Stopping because end time detected by thread: TG - SPIKE B - cu soc 300 VU 2-99
2026-08-16 21:31:20,532 INFO o.a.j.t.JMeterThread: Thread finished: TG - SPIKE B - cu soc 300 VU 2-99
2026-08-16 21:31:20,538 INFO o.a.j.t.JMeterThread: Stopping because end time detected by thread: TG - SPIKE B - cu soc 300 VU 2-294
2026-08-16 21:31:20,538 INFO o.a.j.t.JMeterThread: Thread finished: TG - SPIKE B - cu soc 300 VU 2-294
2026-08-16 21:31:20,538 INFO o.a.j.t.JMeterThread: Stopping because end time detected by thread: TG - SPIKE B - cu soc 300 VU 2-206
2026-08-16 21:31:20,538 INFO o.a.j.t.JMeterThread: Thread finished: TG - SPIKE B - cu soc 300 VU 2-206
2026-08-16 21:31:20,564 INFO o.a.j.t.JMeterThread: Stopping because end time detected by thread: TG - SPIKE B - cu soc 300 VU 2-280
2026-08-16 21:31:20,564 INFO o.a.j.t.JMeterThread: Thread finished: TG - SPIKE B - cu soc 300 VU 2-280
2026-08-16 21:31:20,564 INFO o.a.j.t.JMeterThread: Stopping because end time detected by thread: TG - SPIKE B - cu soc 300 VU 2-98
2026-08-16 21:31:20,564 INFO o.a.j.t.JMeterThread: Thread finished: TG - SPIKE B - cu soc 300 VU 2-98
2026-08-16 21:31:20,564 INFO o.a.j.t.JMeterThread: Stopping because end time detected by thread: TG - SPIKE B - cu soc 300 VU 2-95
2026-08-16 21:31:20,564 INFO o.a.j.t.JMeterThread: Thread finished: TG - SPIKE B - cu soc 300 VU 2-95
2026-08-16 21:31:20,565 INFO o.a.j.t.JMeterThread: Stopping because end time detected by thread: TG - SPIKE B - cu soc 300 VU 2-55
2026-08-16 21:31:20,565 INFO o.a.j.t.JMeterThread: Thread finished: TG - SPIKE B - cu soc 300 VU 2-55
2026-08-16 21:31:20,565 INFO o.a.j.t.JMeterThread: Stopping because end time detected by thread: TG - SPIKE B - cu soc 300 VU 2-35
2026-08-16 21:31:20,565 INFO o.a.j.t.JMeterThread: Thread finished: TG - SPIKE B - cu soc 300 VU 2-35
2026-08-16 21:31:20,565 INFO o.a.j.t.JMeterThread: Stopping because end time detected by thread: TG - SPIKE B - cu soc 300 VU 2-192
2026-08-16 21:31:20,565 INFO o.a.j.t.JMeterThread: Thread finished: TG - SPIKE B - cu soc 300 VU 2-192
2026-08-16 21:31:20,566 INFO o.a.j.t.JMeterThread: Stopping because end time detected by thread: TG - SPIKE B - cu soc 300 VU 2-150
2026-08-16 21:31:20,566 INFO o.a.j.t.JMeterThread: Thread finished: TG - SPIKE B - cu soc 300 VU 2-150
2026-08-16 21:31:20,566 INFO o.a.j.t.JMeterThread: Stopping because end time detected by thread: TG - SPIKE B - cu soc 300 VU 2-91
2026-08-16 21:31:20,566 INFO o.a.j.t.JMeterThread: Thread finished: TG - SPIKE B - cu soc 300 VU 2-91
2026-08-16 21:31:20,566 INFO o.a.j.t.JMeterThread: Stopping because end time detected by thread: TG - SPIKE B - cu soc 300 VU 2-196
2026-08-16 21:31:20,566 INFO o.a.j.t.JMeterThread: Thread finished: TG - SPIKE B - cu soc 300 VU 2-196
2026-08-16 21:31:20,567 INFO o.a.j.t.JMeterThread: Stopping because end time detected by thread: TG - SPIKE B - cu soc 300 VU 2-88
2026-08-16 21:31:20,567 INFO o.a.j.t.JMeterThread: Thread finished: TG - SPIKE B - cu soc 300 VU 2-88
2026-08-16 21:31:20,567 INFO o.a.j.t.JMeterThread: Stopping because end time detected by thread: TG - SPIKE B - cu soc 300 VU 2-125
2026-08-16 21:31:20,567 INFO o.a.j.t.JMeterThread: Thread finished: TG - SPIKE B - cu soc 300 VU 2-125
2026-08-16 21:31:20,567 INFO o.a.j.t.JMeterThread: Stopping because end time detected by thread: TG - SPIKE B - cu soc 300 VU 2-286
2026-08-16 21:31:20,567 INFO o.a.j.t.JMeterThread: Thread finished: TG - SPIKE B - cu soc 300 VU 2-286
2026-08-16 21:31:20,568 INFO o.a.j.t.JMeterThread: Stopping because end time detected by thread: TG - SPIKE B - cu soc 300 VU 2-199
2026-08-16 21:31:20,568 INFO o.a.j.t.JMeterThread: Thread finished: TG - SPIKE B - cu soc 300 VU 2-199
2026-08-16 21:31:20,568 INFO o.a.j.t.JMeterThread: Stopping because end time detected by thread: TG - SPIKE B - cu soc 300 VU 2-281
2026-08-16 21:31:20,568 INFO o.a.j.t.JMeterThread: Thread finished: TG - SPIKE B - cu soc 300 VU 2-281
2026-08-16 21:31:20,568 INFO o.a.j.t.JMeterThread: Stopping because end time detected by thread: TG - SPIKE B - cu soc 300 VU 2-104
2026-08-16 21:31:20,568 INFO o.a.j.t.JMeterThread: Thread finished: TG - SPIKE B - cu soc 300 VU 2-104
2026-08-16 21:31:20,569 INFO o.a.j.t.JMeterThread: Stopping because end time detected by thread: TG - SPIKE B - cu soc 300 VU 2-223
2026-08-16 21:31:20,569 INFO o.a.j.t.JMeterThread: Thread finished: TG - SPIKE B - cu soc 300 VU 2-223
2026-08-16 21:31:20,569 INFO o.a.j.t.JMeterThread: Stopping because end time detected by thread: TG - SPIKE B - cu soc 300 VU 2-176
2026-08-16 21:31:20,569 INFO o.a.j.t.JMeterThread: Thread finished: TG - SPIKE B - cu soc 300 VU 2-176
2026-08-16 21:31:20,569 INFO o.a.j.t.JMeterThread: Stopping because end time detected by thread: TG - SPIKE B - cu soc 300 VU 2-29
2026-08-16 21:31:20,569 INFO o.a.j.t.JMeterThread: Thread finished: TG - SPIKE B - cu soc 300 VU 2-29
2026-08-16 21:31:20,570 INFO o.a.j.t.JMeterThread: Stopping because end time detected by thread: TG - SPIKE B - cu soc 300 VU 2-17
2026-08-16 21:31:20,570 INFO o.a.j.t.JMeterThread: Thread finished: TG - SPIKE B - cu soc 300 VU 2-17
2026-08-16 21:31:20,570 INFO o.a.j.t.JMeterThread: Stopping because end time detected by thread: TG - SPIKE B - cu soc 300 VU 2-187
2026-08-16 21:31:20,570 INFO o.a.j.t.JMeterThread: Thread finished: TG - SPIKE B - cu soc 300 VU 2-187
2026-08-16 21:31:20,582 INFO o.a.j.t.JMeterThread: Stopping because end time detected by thread: TG - SPIKE B - cu soc 300 VU 2-127
2026-08-16 21:31:20,582 INFO o.a.j.t.JMeterThread: Thread finished: TG - SPIKE B - cu soc 300 VU 2-127
2026-08-16 21:31:20,582 INFO o.a.j.t.JMeterThread: Stopping because end time detected by thread: TG - SPIKE B - cu soc 300 VU 2-153
2026-08-16 21:31:20,582 INFO o.a.j.t.JMeterThread: Thread finished: TG - SPIKE B - cu soc 300 VU 2-153
2026-08-16 21:31:20,583 INFO o.a.j.t.JMeterThread: Stopping because end time detected by thread: TG - SPIKE B - cu soc 300 VU 2-256
2026-08-16 21:31:20,583 INFO o.a.j.t.JMeterThread: Thread finished: TG - SPIKE B - cu soc 300 VU 2-256
2026-08-16 21:31:20,583 INFO o.a.j.t.JMeterThread: Stopping because end time detected by thread: TG - SPIKE B - cu soc 300 VU 2-227
2026-08-16 21:31:20,583 INFO o.a.j.t.JMeterThread: Thread finished: TG - SPIKE B - cu soc 300 VU 2-227
2026-08-16 21:31:20,584 INFO o.a.j.t.JMeterThread: Stopping because end time detected by thread: TG - SPIKE B - cu soc 300 VU 2-201
2026-08-16 21:31:20,584 INFO o.a.j.t.JMeterThread: Thread finished: TG - SPIKE B - cu soc 300 VU 2-201
2026-08-16 21:31:20,584 INFO o.a.j.t.JMeterThread: Stopping because end time detected by thread: TG - SPIKE B - cu soc 300 VU 2-190
2026-08-16 21:31:20,584 INFO o.a.j.t.JMeterThread: Thread finished: TG - SPIKE B - cu soc 300 VU 2-190
2026-08-16 21:31:20,584 INFO o.a.j.t.JMeterThread: Stopping because end time detected by thread: TG - SPIKE B - cu soc 300 VU 2-224
2026-08-16 21:31:20,584 INFO o.a.j.t.JMeterThread: Thread finished: TG - SPIKE B - cu soc 300 VU 2-224
2026-08-16 21:31:20,585 INFO o.a.j.t.JMeterThread: Stopping because end time detected by thread: TG - SPIKE B - cu soc 300 VU 2-243
2026-08-16 21:31:20,585 INFO o.a.j.t.JMeterThread: Thread finished: TG - SPIKE B - cu soc 300 VU 2-243
2026-08-16 21:31:20,586 INFO o.a.j.t.JMeterThread: Stopping because end time detected by thread: TG - SPIKE B - cu soc 300 VU 2-287
2026-08-16 21:31:20,586 INFO o.a.j.t.JMeterThread: Thread finished: TG - SPIKE B - cu soc 300 VU 2-287
2026-08-16 21:31:30,068 INFO o.a.j.r.Summariser: summary +  12340 in 00:00:30 =  410.4/s Avg:   301 Min:     0 Max:   958 Err:     0 (0.00%) Active: 40 Started: 340 Finished: 300
2026-08-16 21:31:30,068 INFO o.a.j.r.Summariser: summary =  39636 in 00:02:40 =  247.8/s Avg:   249 Min:     0 Max:   958 Err:     0 (0.00%)
2026-08-16 21:32:00,014 INFO o.a.j.r.Summariser: summary +   1374 in 00:00:30 =   45.9/s Avg:     3 Min:     0 Max:    49 Err:     0 (0.00%) Active: 40 Started: 340 Finished: 300
2026-08-16 21:32:00,014 INFO o.a.j.r.Summariser: summary =  41010 in 00:03:10 =  215.9/s Avg:   241 Min:     0 Max:   958 Err:     0 (0.00%)
2026-08-16 21:32:30,016 INFO o.a.j.r.Summariser: summary +   1418 in 00:00:30 =   47.3/s Avg:     3 Min:     0 Max:    25 Err:     0 (0.00%) Active: 40 Started: 340 Finished: 300
2026-08-16 21:32:30,016 INFO o.a.j.r.Summariser: summary =  42428 in 00:03:40 =  192.9/s Avg:   233 Min:     0 Max:   958 Err:     0 (0.00%)
2026-08-16 21:32:47,486 INFO o.a.j.t.JMeterThread: Thread finished: TG - SPIKE A - tai nen 40 VU 1-32
2026-08-16 21:32:47,509 INFO o.a.j.t.JMeterThread: Thread finished: TG - SPIKE A - tai nen 40 VU 1-34
2026-08-16 21:32:47,638 INFO o.a.j.t.JMeterThread: Thread finished: TG - SPIKE A - tai nen 40 VU 1-7
2026-08-16 21:32:47,832 INFO o.a.j.t.JMeterThread: Thread finished: TG - SPIKE A - tai nen 40 VU 1-10
2026-08-16 21:32:47,875 INFO o.a.j.t.JMeterThread: Thread finished: TG - SPIKE A - tai nen 40 VU 1-31
2026-08-16 21:32:48,118 INFO o.a.j.t.JMeterThread: Thread finished: TG - SPIKE A - tai nen 40 VU 1-38
2026-08-16 21:32:48,235 INFO o.a.j.t.JMeterThread: Thread finished: TG - SPIKE A - tai nen 40 VU 1-3
2026-08-16 21:32:48,262 INFO o.a.j.t.JMeterThread: Thread finished: TG - SPIKE A - tai nen 40 VU 1-19
2026-08-16 21:32:48,265 INFO o.a.j.t.JMeterThread: Thread finished: TG - SPIKE A - tai nen 40 VU 1-6
2026-08-16 21:32:48,405 INFO o.a.j.t.JMeterThread: Thread finished: TG - SPIKE A - tai nen 40 VU 1-26
2026-08-16 21:32:48,410 INFO o.a.j.t.JMeterThread: Thread finished: TG - SPIKE A - tai nen 40 VU 1-21
2026-08-16 21:32:48,449 INFO o.a.j.t.JMeterThread: Thread finished: TG - SPIKE A - tai nen 40 VU 1-36
2026-08-16 21:32:48,451 INFO o.a.j.t.JMeterThread: Thread finished: TG - SPIKE A - tai nen 40 VU 1-23
2026-08-16 21:32:48,479 INFO o.a.j.t.JMeterThread: Thread finished: TG - SPIKE A - tai nen 40 VU 1-12
2026-08-16 21:32:48,696 INFO o.a.j.t.JMeterThread: Thread finished: TG - SPIKE A - tai nen 40 VU 1-13
2026-08-16 21:32:48,783 INFO o.a.j.t.JMeterThread: Thread finished: TG - SPIKE A - tai nen 40 VU 1-17
2026-08-16 21:32:48,812 INFO o.a.j.t.JMeterThread: Thread finished: TG - SPIKE A - tai nen 40 VU 1-16
2026-08-16 21:32:48,838 INFO o.a.j.t.JMeterThread: Thread finished: TG - SPIKE A - tai nen 40 VU 1-1
2026-08-16 21:32:48,917 INFO o.a.j.t.JMeterThread: Thread finished: TG - SPIKE A - tai nen 40 VU 1-22
2026-08-16 21:32:49,019 INFO o.a.j.t.JMeterThread: Thread finished: TG - SPIKE A - tai nen 40 VU 1-9
2026-08-16 21:32:49,037 INFO o.a.j.t.JMeterThread: Thread finished: TG - SPIKE A - tai nen 40 VU 1-4
2026-08-16 21:32:49,070 INFO o.a.j.t.JMeterThread: Thread finished: TG - SPIKE A - tai nen 40 VU 1-8
2026-08-16 21:32:49,085 INFO o.a.j.t.JMeterThread: Thread finished: TG - SPIKE A - tai nen 40 VU 1-20
2026-08-16 21:32:49,120 INFO o.a.j.t.JMeterThread: Thread finished: TG - SPIKE A - tai nen 40 VU 1-18
2026-08-16 21:32:49,132 INFO o.a.j.t.JMeterThread: Thread finished: TG - SPIKE A - tai nen 40 VU 1-39
2026-08-16 21:32:49,233 INFO o.a.j.t.JMeterThread: Thread finished: TG - SPIKE A - tai nen 40 VU 1-30
2026-08-16 21:32:49,243 INFO o.a.j.t.JMeterThread: Thread finished: TG - SPIKE A - tai nen 40 VU 1-28
2026-08-16 21:32:49,321 INFO o.a.j.t.JMeterThread: Thread finished: TG - SPIKE A - tai nen 40 VU 1-33
2026-08-16 21:32:49,375 INFO o.a.j.t.JMeterThread: Thread finished: TG - SPIKE A - tai nen 40 VU 1-25
2026-08-16 21:32:49,564 INFO o.a.j.t.JMeterThread: Thread finished: TG - SPIKE A - tai nen 40 VU 1-14
2026-08-16 21:32:49,574 INFO o.a.j.t.JMeterThread: Thread finished: TG - SPIKE A - tai nen 40 VU 1-5
2026-08-16 21:32:49,579 INFO o.a.j.t.JMeterThread: Thread finished: TG - SPIKE A - tai nen 40 VU 1-15
2026-08-16 21:32:49,645 INFO o.a.j.t.JMeterThread: Thread finished: TG - SPIKE A - tai nen 40 VU 1-40
2026-08-16 21:32:49,690 INFO o.a.j.t.JMeterThread: Thread finished: TG - SPIKE A - tai nen 40 VU 1-29
2026-08-16 21:32:49,722 INFO o.a.j.t.JMeterThread: Thread finished: TG - SPIKE A - tai nen 40 VU 1-11
2026-08-16 21:32:49,739 INFO o.a.j.t.JMeterThread: Thread finished: TG - SPIKE A - tai nen 40 VU 1-27
2026-08-16 21:32:49,827 INFO o.a.j.t.JMeterThread: Thread finished: TG - SPIKE A - tai nen 40 VU 1-24
2026-08-16 21:32:49,897 INFO o.a.j.t.JMeterThread: Thread finished: TG - SPIKE A - tai nen 40 VU 1-35
2026-08-16 21:32:50,004 INFO o.a.j.t.JMeterThread: Thread finished: TG - SPIKE A - tai nen 40 VU 1-2
2026-08-16 21:32:50,048 INFO o.a.j.t.JMeterThread: Thread finished: TG - SPIKE A - tai nen 40 VU 1-37
2026-08-16 21:32:50,048 INFO o.a.j.e.StandardJMeterEngine: Notifying test listeners of end of test
2026-08-16 21:32:50,048 INFO o.a.j.s.FileServer: Close: D:/Kiem_thu/HW5/data/checkout_data.csv
2026-08-16 21:32:50,049 INFO o.a.j.s.FileServer: Close: D:/Kiem_thu/HW5/data/search_terms.csv
2026-08-16 21:32:50,049 INFO o.a.j.s.FileServer: Close: D:/Kiem_thu/HW5/data/users.csv
2026-08-16 21:32:50,052 INFO o.a.j.r.Summariser: summary +    935 in 00:00:20 =   46.7/s Avg:     3 Min:     1 Max:    30 Err:     0 (0.00%) Active: 0 Started: 340 Finished: 340
2026-08-16 21:32:50,052 INFO o.a.j.r.Summariser: summary =  43363 in 00:04:00 =  180.7/s Avg:   228 Min:     0 Max:   958 Err:     0 (0.00%)
2026-08-16 21:32:50,052 INFO o.a.j.JMeter: Generating Dashboard
2026-08-16 21:32:50,052 INFO o.a.j.r.d.ReportGenerator: Flushing result collector before report Generation
2026-08-16 21:32:50,107 INFO o.a.j.r.p.NormalizerSampleConsumer: Using format, 'ms', to parse timeStamp field
2026-08-16 21:32:50,717 INFO o.a.j.r.p.AbstractSampleConsumer: class org.apache.jmeter.report.processor.AggregateConsumer#stopProducing(): beginDate produced 0 samples
2026-08-16 21:32:50,718 INFO o.a.j.r.p.AbstractSampleConsumer: class org.apache.jmeter.report.processor.AggregateConsumer#stopProducing(): endDate produced 0 samples
2026-08-16 21:32:50,719 INFO o.a.j.r.p.AbstractSampleConsumer: class org.apache.jmeter.report.processor.ApdexSummaryConsumer#stopProducing(): apdexSummary produced 0 samples
2026-08-16 21:32:50,719 INFO o.a.j.r.p.AbstractSampleConsumer: class org.apache.jmeter.report.processor.RequestsSummaryConsumer#stopProducing(): requestsSummary produced 0 samples
2026-08-16 21:32:50,727 INFO o.a.j.r.p.AbstractSampleConsumer: class org.apache.jmeter.report.processor.StatisticsSummaryConsumer#stopProducing(): statisticsSummary produced 0 samples
2026-08-16 21:32:50,729 INFO o.a.j.r.p.AbstractSampleConsumer: class org.apache.jmeter.report.processor.Top5ErrorsBySamplerConsumer#stopProducing(): top5ErrorsBySampler produced 0 samples
2026-08-16 21:32:50,729 INFO o.a.j.r.p.AbstractSampleConsumer: class org.apache.jmeter.report.processor.ErrorsSummaryConsumer#stopProducing(): errorsSummary produced 0 samples
2026-08-16 21:32:50,729 INFO o.a.j.r.p.AbstractSampleConsumer: class org.apache.jmeter.report.processor.graph.impl.HitsPerSecondGraphConsumer#stopProducing(): hitsPerSecond produced 0 samples
2026-08-16 21:32:50,993 INFO o.a.j.r.p.AbstractSampleConsumer: class org.apache.jmeter.report.processor.graph.impl.LatencyVSRequestGraphConsumer#stopProducing(): latencyVsRequest produced 0 samples
2026-08-16 21:32:50,997 INFO o.a.j.r.p.AbstractSampleConsumer: class org.apache.jmeter.report.processor.graph.impl.SyntheticResponseTimeDistributionGraphConsumer#stopProducing(): syntheticResponseTimeDistribution produced 0 samples
2026-08-16 21:32:50,997 INFO o.a.j.r.p.AbstractSampleConsumer: class org.apache.jmeter.report.processor.graph.impl.BytesThroughputGraphConsumer#stopProducing(): bytesThroughputOverTime produced 0 samples
2026-08-16 21:32:50,997 INFO o.a.j.r.p.AbstractSampleConsumer: class org.apache.jmeter.report.processor.graph.impl.CodesPerSecondGraphConsumer#stopProducing(): codesPerSecond produced 0 samples
2026-08-16 21:32:51,259 INFO o.a.j.r.p.AbstractSampleConsumer: class org.apache.jmeter.report.processor.graph.impl.ResponseTimeVSRequestGraphConsumer#stopProducing(): responseTimeVsRequest produced 0 samples
2026-08-16 21:32:51,259 INFO o.a.j.r.p.AbstractSampleConsumer: class org.apache.jmeter.report.processor.FilterConsumer#stopProducing(): startIntervalControlerFilter produced 303541 samples
2026-08-16 21:32:51,259 INFO o.a.j.r.p.AbstractSampleConsumer: class org.apache.jmeter.report.processor.graph.impl.TotalTPSGraphConsumer#stopProducing(): totalTPS produced 0 samples
2026-08-16 21:32:51,259 INFO o.a.j.r.p.AbstractSampleConsumer: class org.apache.jmeter.report.processor.graph.impl.ActiveThreadsGraphConsumer#stopProducing(): activeThreadsOverTime produced 0 samples
2026-08-16 21:32:51,259 INFO o.a.j.r.p.AbstractSampleConsumer: class org.apache.jmeter.report.processor.graph.impl.TimeVSThreadGraphConsumer#stopProducing(): timeVsThreads produced 0 samples
2026-08-16 21:32:51,263 INFO o.a.j.r.p.AbstractSampleConsumer: class org.apache.jmeter.report.processor.graph.impl.ResponseTimeDistributionGraphConsumer#stopProducing(): responseTimeDistribution produced 0 samples
2026-08-16 21:32:51,263 INFO o.a.j.r.p.AbstractSampleConsumer: class org.apache.jmeter.report.processor.graph.impl.TransactionsPerSecondGraphConsumer#stopProducing(): transactionsPerSecond produced 0 samples
2026-08-16 21:32:51,263 INFO o.a.j.r.p.AbstractSampleConsumer: class org.apache.jmeter.report.processor.graph.impl.ResponseTimePercentilesGraphConsumer#stopProducing(): responseTimePercentiles produced 0 samples
2026-08-16 21:32:51,271 INFO o.a.j.r.p.AbstractSampleConsumer: class org.apache.jmeter.report.processor.graph.impl.ResponseTimePercentilesOverTimeGraphConsumer#stopProducing(): responseTimePercentilesOverTime produced 0 samples
2026-08-16 21:32:51,274 INFO o.a.j.r.p.AbstractSampleConsumer: class org.apache.jmeter.report.processor.graph.impl.ResponseTimeOverTimeGraphConsumer#stopProducing(): responseTimesOverTime produced 0 samples
2026-08-16 21:32:51,274 INFO o.a.j.r.p.AbstractSampleConsumer: class org.apache.jmeter.report.processor.graph.impl.ConnectTimeOverTimeGraphConsumer#stopProducing(): connectTimeOverTime produced 0 samples
2026-08-16 21:32:51,274 INFO o.a.j.r.p.AbstractSampleConsumer: class org.apache.jmeter.report.processor.graph.impl.LatencyOverTimeGraphConsumer#stopProducing(): latenciesOverTime produced 0 samples
2026-08-16 21:32:51,274 INFO o.a.j.r.p.AbstractSampleConsumer: class org.apache.jmeter.report.processor.FilterConsumer#stopProducing(): nameFilter produced 931455 samples
2026-08-16 21:32:51,274 INFO o.a.j.r.p.AbstractSampleConsumer: class org.apache.jmeter.report.processor.FilterConsumer#stopProducing(): dateRangeFilter produced 186291 samples
2026-08-16 21:32:51,274 INFO o.a.j.r.p.AbstractSampleConsumer: class org.apache.jmeter.report.processor.NormalizerSampleConsumer#stopProducing(): normalizer produced 62097 samples
2026-08-16 21:32:51,277 INFO o.a.j.r.p.CsvFileSampleSource: produce(): 62097 samples produced in 1s 149 ms on channel 0
2026-08-16 21:32:51,277 INFO o.a.j.r.d.ReportGenerator: Exporting data using exporter:'json' of className:'org.apache.jmeter.report.dashboard.JsonExporter'
2026-08-16 21:32:51,363 INFO o.a.j.r.d.JsonExporter: Found data for consumer statisticsSummary in context
2026-08-16 21:32:51,363 INFO o.a.j.r.d.JsonExporter: Creating statistics for overall
2026-08-16 21:32:51,363 INFO o.a.j.r.d.JsonExporter: Creating statistics for other transactions
2026-08-16 21:32:51,363 INFO o.a.j.r.d.JsonExporter: Checking output folder
2026-08-16 21:32:51,365 INFO o.a.j.r.d.JsonExporter: Writing statistics JSON to D:\Kiem_thu\HW5\results\html\23127195_Spike_20260816\statistics.json
2026-08-16 21:32:51,385 INFO o.a.j.r.d.ReportGenerator: Exporting data using exporter:'html' of className:'org.apache.jmeter.report.dashboard.HtmlTemplateExporter'
2026-08-16 21:32:51,385 INFO o.a.j.r.d.HtmlTemplateExporter: Will generate dashboard in folder: D:\Kiem_thu\HW5\results\html\23127195_Spike_20260816
2026-08-16 21:32:51,524 INFO o.a.j.r.d.HtmlTemplateExporter: Report will be generated in: D:\Kiem_thu\HW5\results\html\23127195_Spike_20260816, creating folder structure
2026-08-16 21:32:51,525 INFO o.a.j.r.d.TemplateVisitor: Copying folder from 'D:\Kiem_thu\tools\apache-jmeter-5.6.3\bin\report-template' to 'D:\Kiem_thu\HW5\results\html\23127195_Spike_20260816', got message: D:\Kiem_thu\HW5\results\html\23127195_Spike_20260816, found non empty folder with following content [D:\Kiem_thu\HW5\results\html\23127195_Spike_20260816\statistics.json], will be ignored
2026-08-16 21:32:51,668 INFO o.a.j.JMeter: Dashboard generated
